"PRIMARY","COLUMN_NAME","FILE_1_DATA","FILE_2_DATA","IMAGE_NAME","CORRECTED","CORRECTED BY","PRIMARY KEY"
" 2064003","PAPER_CODE","21090","210901","","","","BAR1"
" 2064006","Q16"," ","D","","","","BAR1"
" 2064017","PAPER_CODE","2 090 ","210901","","","","BAR1"
" 2064017","Q2"," ","A","","","","BAR1"
" 2064017","Q47"," ","A","","","","BAR1"
" 2064017","Q49"," ","A","","","","BAR1"
" 2064017","Q54"," ","D","","","","BAR1"
" 2064017","Q93"," ","D","","","","BAR1"
" 2064047","Q6"," ","A","","","","BAR1"
" 2064047","Q38"," ","B","","","","BAR1"
" 2064044","Q46"," ","B","","","","BAR1"
" 2064056","PAPER_CODE","21 9 1","210901","","","","BAR1"
" 2064056","Q3"," ","C","","","","BAR1"
" 2064056","Q5"," ","C","","","","BAR1"
" 2064056","Q6"," ","D","","","","BAR1"
" 2064056","Q9"," ","D","","","","BAR1"
" 2064056","Q12"," ","C","","","","BAR1"
" 2064056","Q13"," ","A","","","","BAR1"
" 2064056","Q25"," ","A","","","","BAR1"
" 2064056","Q28"," ","B","","","","BAR1"
" 2064056","Q37"," ","B","","","","BAR1"
" 2064056","Q41"," ","A","","","","BAR1"
" 2064056","Q45"," ","C","","","","BAR1"
" 2064056","Q59"," ","B","","","","BAR1"
" 2064056","Q87"," ","C","","","","BAR1"
" 2064056","Q88"," ","D","","","","BAR1"
" 2064090","Q24"," ","A","","","","BAR1"
" 2064085","PAPER_CODE","2  901","210901","","","","BAR1"
" 2064085","Q3"," ","A","","","","BAR1"
" 2064095","Q57","A","*","","","","BAR1"
" 2064099","Q3"," ","C","","","","BAR1"
" 2064116","Q45"," ","C","","","","BAR1"
" 2064116","Q96"," ","B","","","","BAR1"
" 2064164","Q45"," ","B","","","","BAR1"
" 2064164","Q46"," ","B","","","","BAR1"
" 2064164","Q47"," ","B","","","","BAR1"
" 2064164","Q49"," ","B","","","","BAR1"
" 2064164","Q98"," ","B","","","","BAR1"
" 2064164","Q99"," ","A","","","","BAR1"
" 2064164","Q100"," ","B","","","","BAR1"
" 2064166","Q38"," ","C","","","","BAR1"
" 2064166","Q48"," ","A","","","","BAR1"
" 2064166","Q49"," ","D","","","","BAR1"
" 2064166","Q82"," ","D","","","","BAR1"
" 2064167","Q50"," ","B","","","","BAR1"
" 2064130","Q100"," ","B","","","","BAR1"
" 2064131","Q2"," ","A","","","","BAR1"
" 2064131","Q4"," ","B","","","","BAR1"
" 2064131","Q15"," ","C","","","","BAR1"
" 2064131","Q21"," ","A","","","","BAR1"
" 2064131","Q43"," ","C","","","","BAR1"
" 2064131","Q44"," ","C","","","","BAR1"
" 2064131","Q45"," ","C","","","","BAR1"
" 2064131","Q46"," ","D","","","","BAR1"
" 2064131","Q49"," ","A","","","","BAR1"
" 2064131","Q52"," ","C","","","","BAR1"
" 2064131","Q54"," ","A","","","","BAR1"
" 2064131","Q66"," ","A","","","","BAR1"
" 2064131","Q90"," ","B","","","","BAR1"
" 2064131","Q91"," ","B","","","","BAR1"
" 2064131","Q93"," ","C","","","","BAR1"
" 2064131","Q95"," ","C","","","","BAR1"
" 2064131","Q96"," ","C","","","","BAR1"
" 2064131","Q97"," ","D","","","","BAR1"
" 2064131","Q98"," ","D","","","","BAR1"
" 2064131","Q99"," ","D","","","","BAR1"
" 2064131","Q100"," ","C","","","","BAR1"
" 2064132","Q50"," ","B","","","","BAR1"
" 2064171","Q36"," ","D","","","","BAR1"
" 2064171","Q42"," ","C","","","","BAR1"
" 2064171","Q46"," ","B","","","","BAR1"
" 2064171","Q48"," ","B","","","","BAR1"
" 2064171","Q49"," ","C","","","","BAR1"
" 2064171","Q50"," ","C","","","","BAR1"
" 2064171","Q93"," ","B","","","","BAR1"
" 2064171","Q97"," ","D","","","","BAR1"
" 2064171","Q98"," ","B","","","","BAR1"
" 2064171","Q99"," ","D","","","","BAR1"
" 2064171","Q100"," ","B","","","","BAR1"
" 2064178","Q43"," ","C","","","","BAR1"
" 2064178","Q46"," ","D","","","","BAR1"
" 2064191","Q24","A","*","","","","BAR1"
" 2064191","Q36"," ","C","","","","BAR1"
" 2064191","Q37"," ","A","","","","BAR1"
" 2064191","Q38"," ","*","","","","BAR1"
" 2064191","Q40"," ","C","","","","BAR1"
" 2064191","Q44"," ","C","","","","BAR1"
" 2064191","Q46"," ","B","","","","BAR1"
" 2064191","Q61"," ","C","","","","BAR1"
" 2064191","Q79"," ","B","","","","BAR1"
" 2064191","Q80"," ","B","","","","BAR1"
" 2064191","Q82"," ","C","","","","BAR1"
" 2064191","Q95"," ","B","","","","BAR1"
" 2064191","Q96"," ","B","","","","BAR1"
" 2134412","Q90"," ","C","","","","BAR1"
" 2134424","Q48"," ","B","","","","BAR1"
" 2134424","Q98"," ","B","","","","BAR1"
" 2134425","Q6","D","*","","","","BAR1"
" 2134437","Q48"," ","A","","","","BAR1"
" 2134445","Q48"," ","B","","","","BAR1"
" 2134447","Q41"," ","C","","","","BAR1"
" 2042803","Q54"," ","C","","","","BAR1"
" 2042805","Q51","C","*","","","","BAR1"
" 2042807","PAPER_CODE","2 0901","210901","","","","BAR1"
" 2042810","Q55"," ","A","","","","BAR1"
" 2042817","Q2"," ","D","","","","BAR1"
" 2042817","Q7"," ","A","","","","BAR1"
" 2042819","Q60"," ","C","","","","BAR1"
" 2042819","Q63"," ","B","","","","BAR1"
" 2042819","Q66"," ","B","","","","BAR1"
" 2042819","Q75"," ","C","","","","BAR1"
" 2042819","Q81"," ","B","","","","BAR1"
" 2042826","Q62"," ","C","","","","BAR1"
" 2042826","Q63"," ","C","","","","BAR1"
" 2042826","Q64"," ","A","","","","BAR1"
" 2042826","Q72"," ","B","","","","BAR1"
" 2042826","Q74"," ","C","","","","BAR1"
" 2042826","Q79"," ","B","","","","BAR1"
" 2042826","Q94"," ","A","","","","BAR1"
" 2042826","Q98"," ","C","","","","BAR1"
" 2042832","Q99"," ","A","","","","BAR1"
" 2042835","Q82","B","*","","","","BAR1"
" 2042836","Q77"," ","D","","","","BAR1"
" 2042844","Q59"," ","C","","","","BAR1"
" 2042857","Q73"," ","A","","","","BAR1"
" 2042861","PAPER_CODE","21 901","210901","","","","BAR1"
" 2042865","Q40"," ","B","","","","BAR1"
" 2042865","Q44"," ","C","","","","BAR1"
" 2042865","Q94"," ","B","","","","BAR1"
" 2042867","PAPER_CODE","21 901","210901","","","","BAR1"
" 2042867","Q9"," ","C","","","","BAR1"
" 2042867","Q10"," ","D","","","","BAR1"
" 2042867","Q12"," ","C","","","","BAR1"
" 2042867","Q14"," ","B","","","","BAR1"
" 2042867","Q16"," ","B","","","","BAR1"
" 2042867","Q18"," ","A","","","","BAR1"
" 2042867","Q19"," ","B","","","","BAR1"
" 2042867","Q21"," ","C","","","","BAR1"
" 2042867","Q23"," ","C","","","","BAR1"
" 2042867","Q24"," ","C","","","","BAR1"
" 2042867","Q28"," ","A","","","","BAR1"
" 2042867","Q31"," ","C","","","","BAR1"
" 2042867","Q32"," ","B","","","","BAR1"
" 2042867","Q33"," ","B","","","","BAR1"
" 2042867","Q34"," ","A","","","","BAR1"
" 2042867","Q36"," ","C","","","","BAR1"
" 2042867","Q37"," ","C","","","","BAR1"
" 2042867","Q38"," ","D","","","","BAR1"
" 2042867","Q40"," ","B","","","","BAR1"
" 2042867","Q43"," ","B","","","","BAR1"
" 2042867","Q51"," ","A","","","","BAR1"
" 2042867","Q57"," ","C","","","","BAR1"
" 2042867","Q58"," ","D","","","","BAR1"
" 2042867","Q64"," ","B","","","","BAR1"
" 2042867","Q66"," ","C","","","","BAR1"
" 2042867","Q67"," ","C","","","","BAR1"
" 2042867","Q75"," ","D","","","","BAR1"
" 2042867","Q78"," ","B","","","","BAR1"
" 2042867","Q80"," ","C","","","","BAR1"
" 2042867","Q81"," ","C","","","","BAR1"
" 2042867","Q82"," ","D","","","","BAR1"
" 2042867","Q83"," ","D","","","","BAR1"
" 2042867","Q85"," ","C","","","","BAR1"
" 2042867","Q87"," ","A","","","","BAR1"
" 2042867","Q88"," ","A","","","","BAR1"
" 2042867","Q90"," ","A","","","","BAR1"
" 2042867","Q91"," ","C","","","","BAR1"
" 2042867","Q94"," ","C","","","","BAR1"
" 2042867","Q96"," ","A","","","","BAR1"
" 2042867","Q98"," ","A","","","","BAR1"
" 2042871","Q65","A","*","","","","BAR1"
" 2042886","SET"," ","A","","","","BAR1"
" 2042886","PAPER_CODE","      ","210901","","","","BAR1"
" 2042886","Q1"," ","A","","","","BAR1"
" 2042886","Q2"," ","B","","","","BAR1"
" 2042886","Q3"," ","D","","","","BAR1"
" 2042886","Q4"," ","C","","","","BAR1"
" 2042886","Q5"," ","D","","","","BAR1"
" 2042886","Q6"," ","B","","","","BAR1"
" 2042886","Q7"," ","B","","","","BAR1"
" 2042886","Q14"," ","B","","","","BAR1"
" 2042886","Q15"," ","D","","","","BAR1"
" 2042886","Q16"," ","D","","","","BAR1"
" 2042886","Q18"," ","C","","","","BAR1"
" 2042886","Q19"," ","C","","","","BAR1"
" 2042886","Q21"," ","D","","","","BAR1"
" 2042886","Q22"," ","C","","","","BAR1"
" 2042886","Q23"," ","D","","","","BAR1"
" 2042886","Q24"," ","B","","","","BAR1"
" 2042886","Q25"," ","A","","","","BAR1"
" 2042886","Q26"," ","C","","","","BAR1"
" 2042886","Q27"," ","D","","","","BAR1"
" 2042886","Q28"," ","C","","","","BAR1"
" 2042886","Q29"," ","B","","","","BAR1"
" 2042886","Q30"," ","D","","","","BAR1"
" 2042886","Q31"," ","C","","","","BAR1"
" 2042886","Q32"," ","C","","","","BAR1"
" 2042886","Q33"," ","C","","","","BAR1"
" 2042886","Q34"," ","B","","","","BAR1"
" 2042886","Q35"," ","B","","","","BAR1"
" 2042886","Q37"," ","D","","","","BAR1"
" 2042886","Q38"," ","A","","","","BAR1"
" 2042886","Q39"," ","B","","","","BAR1"
" 2042886","Q40"," ","D","","","","BAR1"
" 2042886","Q41"," ","D","","","","BAR1"
" 2042886","Q42"," ","D","","","","BAR1"
" 2042886","Q43"," ","D","","","","BAR1"
" 2042886","Q44"," ","D","","","","BAR1"
" 2042886","Q45"," ","A","","","","BAR1"
" 2042886","Q46"," ","D","","","","BAR1"
" 2042886","Q47"," ","C","","","","BAR1"
" 2042886","Q48"," ","C","","","","BAR1"
" 2042886","Q49"," ","D","","","","BAR1"
" 2042886","Q50"," ","B","","","","BAR1"
" 2042886","Q51"," ","D","","","","BAR1"
" 2042886","Q52"," ","B","","","","BAR1"
" 2042886","Q53"," ","A","","","","BAR1"
" 2042886","Q54"," ","D","","","","BAR1"
" 2042886","Q55"," ","C","","","","BAR1"
" 2042886","Q56"," ","D","","","","BAR1"
" 2042886","Q57"," ","C","","","","BAR1"
" 2042886","Q58"," ","B","","","","BAR1"
" 2042886","Q59"," ","C","","","","BAR1"
" 2042886","Q60"," ","D","","","","BAR1"
" 2042886","Q61"," ","D","","","","BAR1"
" 2042886","Q62"," ","D","","","","BAR1"
" 2042886","Q64"," ","B","","","","BAR1"
" 2042886","Q65"," ","A","","","","BAR1"
" 2042886","Q66"," ","D","","","","BAR1"
" 2042886","Q67"," ","C","","","","BAR1"
" 2042886","Q68"," ","A","","","","BAR1"
" 2042886","Q69"," ","D","","","","BAR1"
" 2042886","Q70"," ","C","","","","BAR1"
" 2042886","Q72"," ","C","","","","BAR1"
" 2042886","Q73"," ","B","","","","BAR1"
" 2042886","Q74"," ","C","","","","BAR1"
" 2042886","Q75"," ","A","","","","BAR1"
" 2042886","Q76"," ","D","","","","BAR1"
" 2042886","Q77"," ","D","","","","BAR1"
" 2042886","Q78"," ","D","","","","BAR1"
" 2042886","Q79"," ","D","","","","BAR1"
" 2042886","Q80"," ","B","","","","BAR1"
" 2042886","Q81"," ","A","","","","BAR1"
" 2042886","Q82"," ","C","","","","BAR1"
" 2042886","Q84"," ","D","","","","BAR1"
" 2042886","Q85"," ","B","","","","BAR1"
" 2042886","Q86"," ","B","","","","BAR1"
" 2042886","Q87"," ","C","","","","BAR1"
" 2042886","Q88"," ","D","","","","BAR1"
" 2042886","Q89"," ","C","","","","BAR1"
" 2042886","Q91"," ","B","","","","BAR1"
" 2042886","Q93"," ","B","","","","BAR1"
" 2042886","Q94"," ","C","","","","BAR1"
" 2042886","Q95"," ","D","","","","BAR1"
" 2042886","Q96"," ","A","","","","BAR1"
" 2042886","Q98"," ","A","","","","BAR1"
" 2042886","Q100"," ","C","","","","BAR1"
" 2042902","Q76"," ","B","","","","BAR1"
" 2042914","Q75","D","*","","","","BAR1"
" 2042917","PAPER_CODE","2109 1","210901","","","","BAR1"
" 2042917","Q26"," ","D","","","","BAR1"
" 2042917","Q32"," ","A","","","","BAR1"
" 2042917","Q65"," ","D","","","","BAR1"
" 2042917","Q67"," ","D","","","","BAR1"
" 2042917","Q70"," ","C","","","","BAR1"
" 2042917","Q75"," ","B","","","","BAR1"
" 2042917","Q76"," ","D","","","","BAR1"
" 2042917","Q78"," ","A","","","","BAR1"
" 2042917","Q81"," ","B","","","","BAR1"
" 2042917","Q82"," ","C","","","","BAR1"
" 2042917","Q85"," ","A","","","","BAR1"
" 2042917","Q92"," ","C","","","","BAR1"
" 2042917","Q96"," ","C","","","","BAR1"
" 2042917","Q100"," ","B","","","","BAR1"
" 2042919","Q93"," ","C","","","","BAR1"
" 2042925","Q18"," ","A","","","","BAR1"
" 2042936","Q95"," ","A","","","","BAR1"
" 2042941","Q69"," ","C","","","","BAR1"
" 2042958","Q84","C","*","","","","BAR1"
" 2042957","Q99"," ","D","","","","BAR1"
" 2042953","PAPER_CODE","2109 1","210901","","","","BAR1"
" 2042960","Q64"," ","C","","","","BAR1"
" 2042972","Q19"," ","B","","","","BAR1"
" 2042977","Q83","A","*","","","","BAR1"
" 2042987","Q64"," ","C","","","","BAR1"
" 2042558","PAPER_CODE","21 9  ","210901","","","","BAR1"
" 2042558","Q10"," ","B","","","","BAR1"
" 2042558","Q39"," ","B","","","","BAR1"
" 2042558","Q50"," ","D","","","","BAR1"
" 2042558","Q51"," ","C","","","","BAR1"
" 2042558","Q53"," ","D","","","","BAR1"
" 2042558","Q54"," ","D","","","","BAR1"
" 2042558","Q56"," ","D","","","","BAR1"
" 2042558","Q59"," ","C","","","","BAR1"
" 2042558","Q61"," ","*","","","","BAR1"
" 2042558","Q67"," ","A","","","","BAR1"
" 2042558","Q68"," ","C","","","","BAR1"
" 2042558","Q69"," ","B","","","","BAR1"
" 2042558","Q71"," ","C","","","","BAR1"
" 2042558","Q72"," ","D","","","","BAR1"
" 2042558","Q73"," ","D","","","","BAR1"
" 2042558","Q75"," ","C","","","","BAR1"
" 2042558","Q76"," ","B","","","","BAR1"
" 2042561","Q11"," ","B","","","","BAR1"
" 2042561","Q61"," ","B","","","","BAR1"
" 2042561","Q87"," ","A","","","","BAR1"
" 2042562","PAPER_CODE","2109 1","210901","","","","BAR1"
" 2042476","Q21","D","*","","","","BAR1"
" 2042478","Q16"," ","C","","","","BAR1"
" 2042478","Q80"," ","D","","","","BAR1"
" 2042478","Q81"," ","B","","","","BAR1"
" 2042478","Q88"," ","A","","","","BAR1"
" 2042478","Q89"," ","D","","","","BAR1"
" 2042481","PAPER_CODE","210 01","210901","","","","BAR1"
" 2042481","Q10"," ","B","","","","BAR1"
" 2042481","Q25"," ","B","","","","BAR1"
" 2042481","Q60"," ","C","","","","BAR1"
" 2042481","Q63"," ","A","","","","BAR1"
" 2042481","Q100"," ","B","","","","BAR1"
" 2042439","Q51"," ","A","","","","BAR1"
" 2042439","Q68"," ","B","","","","BAR1"
" 2042442","Q72"," ","D","","","","BAR1"
" 2042448","PAPER_CODE","21   1","210901","","","","BAR1"
" 2042448","Q24"," ","C","","","","BAR1"
" 2042448","Q64"," ","D","","","","BAR1"
" 2042448","Q69"," ","C","","","","BAR1"
" 2042448","Q94"," ","D","","","","BAR1"
" 2042449","Q49"," ","A","","","","BAR1"
" 2042449","Q77"," ","A","","","","BAR1"
" 2042449","Q97"," ","A","","","","BAR1"
" 2042454","Q69"," ","B","","","","BAR1"
" 2042462","Q2"," ","D","","","","BAR1"
" 2042462","Q7"," ","B","","","","BAR1"
" 2042462","Q20"," ","C","","","","BAR1"
" 2042462","Q24"," ","B","","","","BAR1"
" 2042462","Q30"," ","B","","","","BAR1"
" 2042462","Q31"," ","B","","","","BAR1"
" 2042462","Q32"," ","B","","","","BAR1"
" 2042462","Q38"," ","B","","","","BAR1"
" 2042462","Q42"," ","B","","","","BAR1"
" 2042462","Q43"," ","C","","","","BAR1"
" 2042462","Q51"," ","D","","","","BAR1"
" 2042462","Q74"," ","C","","","","BAR1"
" 2042462","Q77"," ","C","","","","BAR1"
" 2042462","Q78"," ","C","","","","BAR1"
" 2042462","Q79"," ","C","","","","BAR1"
" 2042462","Q83"," ","B","","","","BAR1"
" 2042462","Q84"," ","B","","","","BAR1"
" 2042462","Q85"," ","D","","","","BAR1"
" 2042462","Q89"," ","C","","","","BAR1"
" 2042462","Q90"," ","D","","","","BAR1"
" 2042462","Q91"," ","D","","","","BAR1"
" 2042462","Q92"," ","D","","","","BAR1"
" 2042462","Q94"," ","D","","","","BAR1"
" 2042463","Q39"," ","C","","","","BAR1"
" 2042463","Q99"," ","C","","","","BAR1"
" 2042466","Q4"," ","A","","","","BAR1"
" 2042466","Q21"," ","A","","","","BAR1"
" 2042466","Q22"," ","B","","","","BAR1"
" 2042466","Q33"," ","A","","","","BAR1"
" 2042466","Q38"," ","B","","","","BAR1"
" 2042466","Q58","D","*","","","","BAR1"
" 2042466","Q73"," ","D","","","","BAR1"
" 2042466","Q76"," ","B","","","","BAR1"
" 2042466","Q83"," ","B","","","","BAR1"
" 2042469","PAPER_CODE","      ","210901","","","","BAR1"
" 2042522","Q58"," ","C","","","","BAR1"
" 2042522","Q85"," ","B","","","","BAR1"
" 2042490","Q46"," ","C","","","","BAR1"
" 2042486","PAPER_CODE","2 0901","210901","","","","BAR1"
" 2042486","Q47"," ","C","","","","BAR1"
" 2042486","Q51"," ","C","","","","BAR1"
" 2042486","Q85"," ","D","","","","BAR1"
" 2042486","Q88"," ","A","","","","BAR1"
" 2042487","Q96"," ","C","","","","BAR1"
" 2042495","Q20"," ","C","","","","BAR1"
" 2042521","Q15"," ","C","","","","BAR1"
" 2042521","Q18"," ","D","","","","BAR1"
" 2042521","Q77"," ","D","","","","BAR1"
" 2042510","Q39"," ","A","","","","BAR1"
" 2042512","Q68"," ","A","","","","BAR1"
" 2042533","Q19","B","*","","","","BAR1"
" 2042533","Q69"," ","B","","","","BAR1"
" 2042533","Q72"," ","A","","","","BAR1"
" 2042533","Q75"," ","D","","","","BAR1"
" 2042533","Q88"," ","B","","","","BAR1"
" 2042533","Q90"," ","C","","","","BAR1"
" 2042533","Q91"," ","A","","","","BAR1"
" 2042533","Q92"," ","A","","","","BAR1"
" 2042533","Q93"," ","C","","","","BAR1"
" 2042533","Q94"," ","A","","","","BAR1"
" 2042533","Q97"," ","B","","","","BAR1"
" 2042533","Q98"," ","D","","","","BAR1"
" 2042533","Q99"," ","A","","","","BAR1"
" 2042536","PAPER_CODE","21 901","210901","","","","BAR1"
" 2042536","Q98"," ","C","","","","BAR1"
" 2042542","Q16"," ","A","","","","BAR1"
" 2042542","Q19"," ","B","","","","BAR1"
" 2042542","Q21"," ","C","","","","BAR1"
" 2042542","Q24"," ","C","","","","BAR1"
" 2042542","Q27"," ","A","","","","BAR1"
" 2042542","Q31"," ","A","","","","BAR1"
" 2042542","Q34"," ","A","","","","BAR1"
" 2042542","Q47"," ","C","","","","BAR1"
" 2042542","Q51"," ","C","","","","BAR1"
" 2042542","Q58"," ","C","","","","BAR1"
" 2042544","Q69"," ","C","","","","BAR1"
" 2042544","Q73"," ","C","","","","BAR1"
" 2042545","Q45"," ","B","","","","BAR1"
" 2042563","PAPER_CODE","2 09  ","210901","","","","BAR1"
" 2042550","Q51"," ","D","","","","BAR1"
" 2042550","Q57"," ","C","","","","BAR1"
" 2042550","Q68"," ","C","","","","BAR1"
" 2042575","Q22"," ","D","","","","BAR1"
" 2042579","PAPER_CODE","901","210901","","","","BAR1"
" 2042579","Q74"," ","A","","","","BAR1"
" 2042579","Q91"," ","C","","","","BAR1"
" 2042584","Q1"," ","D","","","","BAR1"
" 2042584","Q8"," ","A","","","","BAR1"
" 2042584","Q26"," ","A","","","","BAR1"
" 2042584","Q28"," ","C","","","","BAR1"
" 2042584","Q34"," ","B","","","","BAR1"
" 2042584","Q39"," ","C","","","","BAR1"
" 2042584","Q55"," ","C","","","","BAR1"
" 2042584","Q62"," ","C","","","","BAR1"
" 2042584","Q68"," ","A","","","","BAR1"
" 2042584","Q70"," ","B","","","","BAR1"
" 2042584","Q71"," ","A","","","","BAR1"
" 2042584","Q72"," ","A","","","","BAR1"
" 2042584","Q87"," ","D","","","","BAR1"
" 2042584","Q88"," ","D","","","","BAR1"
" 2042584","Q91"," ","A","","","","BAR1"
" 2042584","Q95"," ","A","","","","BAR1"
" 2042584","Q96"," ","D","","","","BAR1"
" 2042584","Q97"," ","D","","","","BAR1"
" 2042554","Q41"," ","A","","","","BAR1"
" 2042422","Q52"," ","C","","","","BAR1"
" 2042425","Q81"," ","B","","","","BAR1"
" 2042425","Q86"," ","A","","","","BAR1"
" 2042425","Q89"," ","D","","","","BAR1"
" 2042425","Q90"," ","A","","","","BAR1"
" 2042425","Q94"," ","C","","","","BAR1"
" 2042425","Q100"," ","A","","","","BAR1"
" 2042434","Q17"," ","A","","","","BAR1"
" 2042412","Q55"," ","A","","","","BAR1"
" 2042410","Q55"," ","A","","","","BAR1"
" 2042410","Q59"," ","B","","","","BAR1"
" 2042410","Q66"," ","B","","","","BAR1"
" 2042410","Q67"," ","C","","","","BAR1"
" 2042410","Q71"," ","C","","","","BAR1"
" 2042410","Q72","B","*","","","","BAR1"
" 2042410","Q76"," ","C","","","","BAR1"
" 2042410","Q82"," ","C","","","","BAR1"
" 2042410","Q91"," ","B","","","","BAR1"
" 2042410","Q94"," ","D","","","","BAR1"
" 2042410","Q98"," ","B","","","","BAR1"
" 2042435","PAPER_CODE","10901","210901","","","","BAR1"
" 2042435","Q82"," ","C","","","","BAR1"
" 2042524","Q69"," ","C","","","","BAR1"
" 2042524","Q100"," ","C","","","","BAR1"
" 2042526","PAPER_CODE","210 01","210901","","","","BAR1"
" 2042404","Q30"," ","C","","","","BAR1"
" 2042404","Q62"," ","A","","","","BAR1"
" 2042404","Q63"," ","D","","","","BAR1"
" 2042404","Q64"," ","A","","","","BAR1"
" 2042404","Q65"," ","D","","","","BAR1"
" 2042404","Q78"," ","A","","","","BAR1"
" 2042404","Q79"," ","C","","","","BAR1"
" 2042404","Q80"," ","A","","","","BAR1"
" 2042404","Q81"," ","B","","","","BAR1"
" 2042404","Q83"," ","A","","","","BAR1"
" 2042404","Q84"," ","B","","","","BAR1"
" 2042404","Q88"," ","C","","","","BAR1"
" 2042404","Q90"," ","C","","","","BAR1"
" 2042404","Q91"," ","A","","","","BAR1"
" 2042404","Q92"," ","B","","","","BAR1"
" 2042404","Q93"," ","C","","","","BAR1"
" 2042404","Q94"," ","A","","","","BAR1"
" 2042404","Q95"," ","C","","","","BAR1"
" 2042404","Q97"," ","C","","","","BAR1"
" 2042404","Q99"," ","C","","","","BAR1"
" 2042589","Q92"," ","A","","","","BAR1"
" 2135164","Q77"," ","D","","","","BAR1"
" 2135180","PAPER_CODE","21","210901","","","","BAR1"
" 2135180","Q62"," ","A","","","","BAR1"
" 2135182","SET"," ","A","","","","BAR1"
" 2135182","PAPER_CODE","      ","210901","","","","BAR1"
" 2135182","Q1"," ","A","","","","BAR1"
" 2135182","Q10"," ","B","","","","BAR1"
" 2135182","Q11"," ","D","","","","BAR1"
" 2135182","Q17"," ","A","","","","BAR1"
" 2135182","Q19"," ","B","","","","BAR1"
" 2135182","Q23"," ","C","","","","BAR1"
" 2135182","Q28"," ","A","","","","BAR1"
" 2135182","Q29"," ","A","","","","BAR1"
" 2135182","Q36"," ","D","","","","BAR1"
" 2135182","Q37"," ","B","","","","BAR1"
" 2135182","Q38"," ","D","","","","BAR1"
" 2135182","Q53"," ","B","","","","BAR1"
" 2135182","Q55"," ","B","","","","BAR1"
" 2135182","Q56"," ","B","","","","BAR1"
" 2135182","Q57"," ","B","","","","BAR1"
" 2135182","Q58"," ","B","","","","BAR1"
" 2135182","Q59"," ","B","","","","BAR1"
" 2135182","Q60"," ","B","","","","BAR1"
" 2135182","Q61"," ","B","","","","BAR1"
" 2135182","Q62"," ","B","","","","BAR1"
" 2135182","Q64"," ","B","","","","BAR1"
" 2135182","Q65"," ","B","","","","BAR1"
" 2135182","Q66"," ","B","","","","BAR1"
" 2135182","Q69"," ","B","","","","BAR1"
" 2135182","Q70"," ","B","","","","BAR1"
" 2135182","Q71"," ","B","","","","BAR1"
" 2135182","Q72"," ","B","","","","BAR1"
" 2135182","Q73"," ","C","","","","BAR1"
" 2135182","Q74"," ","B","","","","BAR1"
" 2135182","Q75"," ","B","","","","BAR1"
" 2135182","Q76"," ","A","","","","BAR1"
" 2135182","Q77"," ","B","","","","BAR1"
" 2135182","Q78"," ","A","","","","BAR1"
" 2135182","Q79"," ","D","","","","BAR1"
" 2135182","Q80"," ","B","","","","BAR1"
" 2135182","Q82"," ","B","","","","BAR1"
" 2135182","Q83"," ","B","","","","BAR1"
" 2135182","Q84"," ","B","","","","BAR1"
" 2135182","Q85"," ","C","","","","BAR1"
" 2135182","Q86"," ","B","","","","BAR1"
" 2135182","Q87"," ","B","","","","BAR1"
" 2135182","Q88"," ","B","","","","BAR1"
" 2135182","Q89"," ","B","","","","BAR1"
" 2135182","Q90"," ","B","","","","BAR1"
" 2135182","Q91"," ","B","","","","BAR1"
" 2135182","Q92"," ","B","","","","BAR1"
" 2135182","Q93"," ","B","","","","BAR1"
" 2135182","Q94"," ","B","","","","BAR1"
" 2135182","Q95"," ","B","","","","BAR1"
" 2135182","Q96"," ","B","","","","BAR1"
" 2135182","Q97"," ","B","","","","BAR1"
" 2135182","Q98"," ","B","","","","BAR1"
" 2135182","Q99"," ","B","","","","BAR1"
" 2135182","Q100"," ","B","","","","BAR1"
" 2135185","Q21"," ","C","","","","BAR1"
" 2135191","PAPER_CODE","2","210901","","","","BAR1"
" 2135191","Q4"," ","D","","","","BAR1"
" 2135191","Q74"," ","A","","","","BAR1"
" 2135191","Q83"," ","C","","","","BAR1"
" 2135191","Q84"," ","C","","","","BAR1"
" 2135191","Q89"," ","B","","","","BAR1"
" 2135191","Q91"," ","B","","","","BAR1"
" 2135191","Q92"," ","B","","","","BAR1"
" 2134801","Q71"," ","B","","","","BAR1"
" 2134802","Q5"," ","D","","","","BAR1"
" 2134802","Q84"," ","C","","","","BAR1"
" 2093731","Q43"," ","B","","","","BAR1"
" 2093731","Q54"," ","A","","","","BAR1"
" 2093731","Q56"," ","C","","","","BAR1"
" 2093731","Q62"," ","B","","","","BAR1"
" 2093731","Q67"," ","C","","","","BAR1"
" 2093731","Q83"," ","C","","","","BAR1"
" 2093731","Q85"," ","A","","","","BAR1"
" 2093731","Q89"," ","C","","","","BAR1"
" 2093731","Q90"," ","C","","","","BAR1"
" 2093731","Q92"," ","C","","","","BAR1"
" 2093731","Q93"," ","C","","","","BAR1"
" 2093731","Q97"," ","B","","","","BAR1"
" 2093673","PAPER_CODE","21  01","210901","","","","BAR1"
" 2093673","Q6"," ","C","","","","BAR1"
" 2093673","Q8"," ","C","","","","BAR1"
" 2093673","Q10"," ","B","","","","BAR1"
" 2093673","Q12"," ","B","","","","BAR1"
" 2093673","Q13"," ","C","","","","BAR1"
" 2093673","Q14"," ","A","","","","BAR1"
" 2093673","Q18"," ","D","","","","BAR1"
" 2093673","Q20"," ","C","","","","BAR1"
" 2093673","Q24"," ","B","","","","BAR1"
" 2093673","Q25"," ","B","","","","BAR1"
" 2093673","Q26"," ","B","","","","BAR1"
" 2093673","Q31"," ","B","","","","BAR1"
" 2093673","Q36"," ","B","","","","BAR1"
" 2093673","Q44"," ","D","","","","BAR1"
" 2093673","Q49"," ","B","","","","BAR1"
" 2093673","Q51"," ","B","","","","BAR1"
" 2093673","Q52"," ","D","","","","BAR1"
" 2093673","Q53"," ","D","","","","BAR1"
" 2093673","Q54"," ","A","","","","BAR1"
" 2093673","Q56"," ","A","","","","BAR1"
" 2093673","Q58"," ","C","","","","BAR1"
" 2093673","Q59"," ","B","","","","BAR1"
" 2093673","Q62"," ","C","","","","BAR1"
" 2093673","Q64"," ","A","","","","BAR1"
" 2093673","Q66"," ","B","","","","BAR1"
" 2093673","Q70"," ","B","","","","BAR1"
" 2093673","Q72"," ","B","","","","BAR1"
" 2093673","Q73"," ","B","","","","BAR1"
" 2093673","Q75"," ","D","","","","BAR1"
" 2093673","Q77"," ","B","","","","BAR1"
" 2093685","Q7"," ","B","","","","BAR1"
" 2093685","Q57"," ","A","","","","BAR1"
" 2093685","Q96"," ","D","","","","BAR1"
" 2093685","Q100"," ","C","","","","BAR1"
" 2093695","Q30","A","*","","","","BAR1"
" 2093695","Q94","C","*","","","","BAR1"
" 2093785","Q27","D","*","","","","BAR1"
" 2093780","Q42"," ","A","","","","BAR1"
" 2093780","Q59"," ","C","","","","BAR1"
" 2093780","Q84"," ","B","","","","BAR1"
" 2093103","PAPER_CODE","21090","210901","","","","BAR1"
" 2093103","Q61"," ","D","","","","BAR1"
" 2093105","Q74"," ","C","","","","BAR1"
" 2093105","Q75"," ","C","","","","BAR1"
" 2093105","Q78"," ","B","","","","BAR1"
" 2093108","Q52"," ","A","","","","BAR1"
" 2093110","Q17","C","*","","","","BAR1"
" 2093110","Q71"," ","A","","","","BAR1"
" 2093111","Q10"," ","*","","","","BAR1"
" 2093111","Q46"," ","B","","","","BAR1"
" 2093111","Q48"," ","B","","","","BAR1"
" 2093111","Q70","B","*","","","","BAR1"
" 2093116","PAPER_CODE","2109 1","210901","","","","BAR1"
" 2093116","Q13"," ","D","","","","BAR1"
" 2093116","Q57"," ","D","","","","BAR1"
" 2093116","Q59"," ","D","","","","BAR1"
" 2093116","Q61"," ","C","","","","BAR1"
" 2093116","Q63"," ","C","","","","BAR1"
" 2093116","Q64"," ","A","","","","BAR1"
" 2093116","Q69"," ","C","","","","BAR1"
" 2093116","Q70"," ","C","","","","BAR1"
" 2093116","Q71"," ","C","","","","BAR1"
" 2093116","Q72"," ","C","","","","BAR1"
" 2093116","Q73"," ","B","","","","BAR1"
" 2093116","Q75"," ","D","","","","BAR1"
" 2093116","Q76"," ","B","","","","BAR1"
" 2093116","Q78"," ","C","","","","BAR1"
" 2093116","Q79"," ","B","","","","BAR1"
" 2093116","Q83"," ","C","","","","BAR1"
" 2093117","Q52"," ","C","","","","BAR1"
" 2093119","Q71"," ","D","","","","BAR1"
" 2093126","Q39","B","*","","","","BAR1"
" 2093128","Q24","B","*","","","","BAR1"
" 2093128","Q55"," ","B","","","","BAR1"
" 2093132","Q67"," ","C","","","","BAR1"
" 2093146","Q57"," ","C","","","","BAR1"
" 2093157","Q30"," ","A","","","","BAR1"
" 2093171","Q48","C","*","","","","BAR1"
" 2093178","PAPER_CODE","21 90 ","210901","","","","BAR1"
" 2093181","Q72"," ","C","","","","BAR1"
" 2093191","Q57"," ","B","","","","BAR1"
" 2093195","Q96"," ","C","","","","BAR1"
" 2093055","PAPER_CODE","2  9 1","210901","","","","BAR1"
" 2093064","PAPER_CODE","1090","210901","","","","BAR1"
" 2093092","PAPER_CODE","2 0901","210901","","","","BAR1"
" 2093092","Q21"," ","A","","","","BAR1"
" 2093092","Q63"," ","B","","","","BAR1"
" 2093092","Q75"," ","D","","","","BAR1"
" 2093092","Q77"," ","A","","","","BAR1"
" 2093757","Q52"," ","C","","","","BAR1"
" 2093757","Q57"," ","B","","","","BAR1"
" 2093757","Q62"," ","C","","","","BAR1"
" 2093716","Q44","C","*","","","","BAR1"
" 2093014","Q79"," ","B","","","","BAR1"
" 2093014","Q80"," ","B","","","","BAR1"
" 2093014","Q81"," ","B","","","","BAR1"
" 2093022","Q87","A","*","","","","BAR1"
" 2093025","Q58"," ","C","","","","BAR1"
" 2093048","Q60"," ","B","","","","BAR1"
" 2093614","PAPER_CODE","21090","210901","","","","BAR1"
" 2093614","Q4"," ","A","","","","BAR1"
" 2093614","Q6"," ","D","","","","BAR1"
" 2093614","Q60"," ","A","","","","BAR1"
" 2093614","Q61"," ","A","","","","BAR1"
" 2093614","Q86"," ","B","","","","BAR1"
" 2093630","Q8"," ","C","","","","BAR1"
" 2093630","Q70"," ","D","","","","BAR1"
" 2093636","Q95","B","*","","","","BAR1"
" 2093750","Q97"," ","A","","","","BAR1"
" 2093751","SET"," ","C","","","","BAR1"
" 2093751","PAPER_CODE","      ","210901","","","","BAR1"
" 2093751","Q1"," ","B","","","","BAR1"
" 2093751","Q2"," ","B","","","","BAR1"
" 2093751","Q12"," ","B","","","","BAR1"
" 2093751","Q14"," ","B","","","","BAR1"
" 2093751","Q20"," ","C","","","","BAR1"
" 2093751","Q25"," ","D","","","","BAR1"
" 2093751","Q27"," ","B","","","","BAR1"
" 2093751","Q30"," ","D","","","","BAR1"
" 2093751","Q32"," ","D","","","","BAR1"
" 2093751","Q36"," ","D","","","","BAR1"
" 2093751","Q37"," ","C","","","","BAR1"
" 2093751","Q38"," ","D","","","","BAR1"
" 2093751","Q41"," ","C","","","","BAR1"
" 2093751","Q42"," ","C","","","","BAR1"
" 2093751","Q43"," ","D","","","","BAR1"
" 2093751","Q44"," ","A","","","","BAR1"
" 2093751","Q47"," ","C","","","","BAR1"
" 2093751","Q48"," ","B","","","","BAR1"
" 2093751","Q49"," ","D","","","","BAR1"
" 2093751","Q50"," ","B","","","","BAR1"
" 2093751","Q52"," ","C","","","","BAR1"
" 2093751","Q53"," ","A","","","","BAR1"
" 2093751","Q54"," ","B","","","","BAR1"
" 2093751","Q55"," ","C","","","","BAR1"
" 2093751","Q57"," ","A","","","","BAR1"
" 2093751","Q58"," ","B","","","","BAR1"
" 2093751","Q60"," ","D","","","","BAR1"
" 2093751","Q61"," ","A","","","","BAR1"
" 2093751","Q62"," ","B","","","","BAR1"
" 2093751","Q63"," ","C","","","","BAR1"
" 2093751","Q64"," ","B","","","","BAR1"
" 2093751","Q65"," ","C","","","","BAR1"
" 2093751","Q66"," ","C","","","","BAR1"
" 2093751","Q67"," ","A","","","","BAR1"
" 2093751","Q68"," ","D","","","","BAR1"
" 2093751","Q70"," ","A","","","","BAR1"
" 2093751","Q71"," ","C","","","","BAR1"
" 2093751","Q72"," ","D","","","","BAR1"
" 2093751","Q73"," ","C","","","","BAR1"
" 2093751","Q74"," ","B","","","","BAR1"
" 2093751","Q75"," ","D","","","","BAR1"
" 2093751","Q76"," ","B","","","","BAR1"
" 2093751","Q77"," ","C","","","","BAR1"
" 2093751","Q78"," ","C","","","","BAR1"
" 2093751","Q80"," ","C","","","","BAR1"
" 2093751","Q81"," ","B","","","","BAR1"
" 2093751","Q83"," ","C","","","","BAR1"
" 2093751","Q84"," ","D","","","","BAR1"
" 2093751","Q85"," ","B","","","","BAR1"
" 2093751","Q86"," ","D","","","","BAR1"
" 2093751","Q87"," ","C","","","","BAR1"
" 2093751","Q88"," ","A","","","","BAR1"
" 2093751","Q89"," ","B","","","","BAR1"
" 2093751","Q90"," ","C","","","","BAR1"
" 2093751","Q91"," ","B","","","","BAR1"
" 2093751","Q93"," ","D","","","","BAR1"
" 2093751","Q94"," ","D","","","","BAR1"
" 2093751","Q96"," ","B","","","","BAR1"
" 2093751","Q98"," ","C","","","","BAR1"
" 2093751","Q99"," ","A","","","","BAR1"
" 2093740","Q41"," ","B","","","","BAR1"
" 2093740","Q94"," ","C","","","","BAR1"
" 2093740","Q95"," ","C","","","","BAR1"
" 2093740","Q96"," ","C","","","","BAR1"
" 2093740","Q98"," ","B","","","","BAR1"
" 2093100","Q10"," ","B","","","","BAR1"
" 2093100","Q11"," ","C","","","","BAR1"
" 2093100","Q16"," ","A","","","","BAR1"
" 2093100","Q20"," ","C","","","","BAR1"
" 2093100","Q24"," ","B","","","","BAR1"
" 2093100","Q28"," ","C","","","","BAR1"
" 2093100","Q29"," ","B","","","","BAR1"
" 2093100","Q39"," ","C","","","","BAR1"
" 2093100","Q47"," ","C","","","","BAR1"
" 2093100","Q49"," ","A","","","","BAR1"
" 2093100","Q65"," ","D","","","","BAR1"
" 2093100","Q73","B","*","","","","BAR1"
" 2093702","Q41","C","*","","","","BAR1"
" 2093704","Q51"," ","B","","","","BAR1"
" 2093704","Q53"," ","C","","","","BAR1"
" 2093704","Q83"," ","A","","","","BAR1"
" 2093721","PAPER_CODE","2109 1","210901","","","","BAR1"
" 2093721","Q20"," ","D","","","","BAR1"
" 2093721","Q24"," ","A","","","","BAR1"
" 2093721","Q28"," ","B","","","","BAR1"
" 2093721","Q30"," ","C","","","","BAR1"
" 2093721","Q32"," ","D","","","","BAR1"
" 2093721","Q38"," ","C","","","","BAR1"
" 2093721","Q39"," ","A","","","","BAR1"
" 2093721","Q40"," ","A","","","","BAR1"
" 2093721","Q43"," ","*","","","","BAR1"
" 2093721","Q51"," ","A","","","","BAR1"
" 2093721","Q55"," ","C","","","","BAR1"
" 2093721","Q59"," ","C","","","","BAR1"
" 2093721","Q61"," ","C","","","","BAR1"
" 2093721","Q63"," ","B","","","","BAR1"
" 2093721","Q64"," ","B","","","","BAR1"
" 2093721","Q67"," ","C","","","","BAR1"
" 2093721","Q72"," ","B","","","","BAR1"
" 2093721","Q75"," ","D","","","","BAR1"
" 2093721","Q77"," ","D","","","","BAR1"
" 2093721","Q83"," ","B","","","","BAR1"
" 2093721","Q89"," ","A","","","","BAR1"
" 2093721","Q90"," ","D","","","","BAR1"
" 2093721","Q91"," ","B","","","","BAR1"
" 2068227","Q44","C","*","","","","BAR1"
" 2068228","Q59","C","*","","","","BAR1"
" 2068231","Q89"," ","C","","","","BAR1"
" 2068232","Q79"," ","C","","","","BAR1"
" 2068234","Q32"," ","D","","","","BAR1"
" 2068234","Q33"," ","B","","","","BAR1"
" 2068234","Q41"," ","C","","","","BAR1"
" 2068235","Q35"," ","C","","","","BAR1"
" 2068246","Q28"," ","D","","","","BAR1"
" 2068246","Q45"," ","C","","","","BAR1"
" 2068246","Q46"," ","C","","","","BAR1"
" 2068246","Q53"," ","D","","","","BAR1"
" 2068246","Q55"," ","D","","","","BAR1"
" 2068246","Q56"," ","D","","","","BAR1"
" 2068246","Q58"," ","D","","","","BAR1"
" 2068246","Q60"," ","D","","","","BAR1"
" 2068246","Q66"," ","D","","","","BAR1"
" 2068246","Q67"," ","D","","","","BAR1"
" 2068246","Q68"," ","D","","","","BAR1"
" 2068246","Q69"," ","D","","","","BAR1"
" 2068246","Q77"," ","C","","","","BAR1"
" 2068246","Q79"," ","C","","","","BAR1"
" 2068246","Q81"," ","C","","","","BAR1"
" 2068246","Q82"," ","C","","","","BAR1"
" 2068246","Q83"," ","C","","","","BAR1"
" 2068246","Q89"," ","A","","","","BAR1"
" 2068246","Q95"," ","D","","","","BAR1"
" 2068246","Q98"," ","D","","","","BAR1"
" 2068269","PAPER_CODE","2  9 1","210901","","","","BAR1"
" 2068269","Q17"," ","C","","","","BAR1"
" 2068269","Q24"," ","A","","","","BAR1"
" 2068269","Q36"," ","B","","","","BAR1"
" 2068269","Q54"," ","A","","","","BAR1"
" 2068269","Q74"," ","C","","","","BAR1"
" 2127671","Q65"," ","A","","","","BAR1"
" 2127671","Q73"," ","D","","","","BAR1"
" 2068281","Q11"," ","B","","","","BAR1"
" 2068281","Q38"," ","B","","","","BAR1"
" 2068281","Q41"," ","C","","","","BAR1"
" 2068281","Q42"," ","B","","","","BAR1"
" 2068281","Q47"," ","B","","","","BAR1"
" 2068281","Q61"," ","C","","","","BAR1"
" 2068281","Q64"," ","B","","","","BAR1"
" 2068281","Q66"," ","D","","","","BAR1"
" 2068281","Q72"," ","D","","","","BAR1"
" 2068281","Q78"," ","D","","","","BAR1"
" 2068281","Q80"," ","D","","","","BAR1"
" 2068281","Q94"," ","C","","","","BAR1"
" 2068302","Q9"," ","C","","","","BAR1"
" 2068302","Q16"," ","A","","","","BAR1"
" 2068302","Q19"," ","B","","","","BAR1"
" 2068302","Q28"," ","C","","","","BAR1"
" 2068302","Q58"," ","D","","","","BAR1"
" 2068302","Q63"," ","A","","","","BAR1"
" 2068302","Q64"," ","A","","","","BAR1"
" 2068302","Q86"," ","D","","","","BAR1"
" 2068302","Q88"," ","A","","","","BAR1"
" 2068303","Q73","D","*","","","","BAR1"
" 2068308","Q83"," ","B","","","","BAR1"
" 2068308","Q100"," ","A","","","","BAR1"
" 2068317","PAPER_CODE","1090","210901","","","","BAR1"
" 2068317","Q6"," ","B","","","","BAR1"
" 2068317","Q10"," ","B","","","","BAR1"
" 2068317","Q33"," ","C","","","","BAR1"
" 2068317","Q41"," ","A","","","","BAR1"
" 2068317","Q45"," ","A","","","","BAR1"
" 2068317","Q47"," ","B","","","","BAR1"
" 2068317","Q52"," ","C","","","","BAR1"
" 2068317","Q56"," ","D","","","","BAR1"
" 2068317","Q65"," ","D","","","","BAR1"
" 2068317","Q71"," ","D","","","","BAR1"
" 2068317","Q72"," ","A","","","","BAR1"
" 2068317","Q74"," ","A","","","","BAR1"
" 2068317","Q77"," ","A","","","","BAR1"
" 2068317","Q81"," ","A","","","","BAR1"
" 2068317","Q83"," ","D","","","","BAR1"
" 2068317","Q93"," ","A","","","","BAR1"
" 2068317","Q94"," ","A","","","","BAR1"
" 2068321","Q100","D","*","","","","BAR1"
" 2068322","Q26"," ","B","","","","BAR1"
" 2068322","Q56"," ","A","","","","BAR1"
" 2068322","Q100"," ","B","","","","BAR1"
" 2068326","Q78"," ","C","","","","BAR1"
" 2068326","Q86"," ","C","","","","BAR1"
" 2068327","Q11"," ","C","","","","BAR1"
" 2068327","Q13"," ","A","","","","BAR1"
" 2068327","Q15"," ","B","","","","BAR1"
" 2068327","Q19"," ","B","","","","BAR1"
" 2068327","Q23"," ","C","","","","BAR1"
" 2068327","Q25"," ","B","","","","BAR1"
" 2068327","Q26"," ","A","","","","BAR1"
" 2068327","Q27"," ","A","","","","BAR1"
" 2068327","Q30"," ","A","","","","BAR1"
" 2068327","Q33"," ","D","","","","BAR1"
" 2068327","Q36"," ","D","","","","BAR1"
" 2068327","Q38"," ","B","","","","BAR1"
" 2068327","Q39"," ","B","","","","BAR1"
" 2068327","Q40"," ","B","","","","BAR1"
" 2068327","Q41"," ","B","","","","BAR1"
" 2068327","Q42"," ","B","","","","BAR1"
" 2068327","Q43"," ","A","","","","BAR1"
" 2068327","Q44"," ","C","","","","BAR1"
" 2068327","Q48"," ","A","","","","BAR1"
" 2068327","Q50"," ","A","","","","BAR1"
" 2068327","Q52"," ","A","","","","BAR1"
" 2068327","Q54"," ","C","","","","BAR1"
" 2068327","Q65"," ","A","","","","BAR1"
" 2068327","Q67"," ","D","","","","BAR1"
" 2068327","Q91"," ","B","","","","BAR1"
" 2068327","Q92"," ","C","","","","BAR1"
" 2068327","Q94"," ","D","","","","BAR1"
" 2068327","Q95"," ","A","","","","BAR1"
" 2068327","Q100"," ","B","","","","BAR1"
" 2068336","Q9"," ","A","","","","BAR1"
" 2068343","Q95"," ","D","","","","BAR1"
" 2068344","Q13"," ","D","","","","BAR1"
" 2068344","Q17"," ","C","","","","BAR1"
" 2068344","Q19"," ","B","","","","BAR1"
" 2068344","Q25"," ","A","","","","BAR1"
" 2068344","Q26"," ","A","","","","BAR1"
" 2068344","Q27"," ","D","","","","BAR1"
" 2068344","Q29"," ","A","","","","BAR1"
" 2068344","Q30"," ","C","","","","BAR1"
" 2068344","Q47"," ","C","","","","BAR1"
" 2068344","Q62"," ","C","","","","BAR1"
" 2068344","Q88"," ","D","","","","BAR1"
" 2068344","Q100"," ","C","","","","BAR1"
" 2068352","Q87"," ","C","","","","BAR1"
" 2068354","Q40"," ","B","","","","BAR1"
" 2068354","Q82"," ","A","","","","BAR1"
" 2068354","Q88"," ","B","","","","BAR1"
" 2068354","Q94"," ","D","","","","BAR1"
" 2068361","Q70"," ","C","","","","BAR1"
" 2068363","Q13"," ","D","","","","BAR1"
" 2068365","Q87"," ","A","","","","BAR1"
" 2068377","Q63"," ","B","","","","BAR1"
" 2068385","PAPER_CODE","      ","210901","","","","BAR1"
" 2068385","Q1"," ","C","","","","BAR1"
" 2068385","Q3"," ","B","","","","BAR1"
" 2068385","Q4"," ","D","","","","BAR1"
" 2068385","Q5"," ","C","","","","BAR1"
" 2068385","Q6"," ","D","","","","BAR1"
" 2068385","Q7"," ","C","","","","BAR1"
" 2068385","Q8"," ","C","","","","BAR1"
" 2068385","Q9"," ","A","","","","BAR1"
" 2068385","Q10"," ","A","","","","BAR1"
" 2068385","Q11"," ","D","","","","BAR1"
" 2068385","Q12"," ","C","","","","BAR1"
" 2068385","Q13"," ","C","","","","BAR1"
" 2068385","Q14"," ","D","","","","BAR1"
" 2068385","Q15"," ","B","","","","BAR1"
" 2068385","Q16"," ","B","","","","BAR1"
" 2068385","Q17"," ","C","","","","BAR1"
" 2068385","Q18"," ","B","","","","BAR1"
" 2068385","Q19"," ","B","","","","BAR1"
" 2068385","Q20"," ","B","","","","BAR1"
" 2068385","Q22"," ","A","","","","BAR1"
" 2068385","Q23"," ","A","","","","BAR1"
" 2068385","Q35"," ","C","","","","BAR1"
" 2068385","Q42"," ","B","","","","BAR1"
" 2068385","Q43"," ","C","","","","BAR1"
" 2068385","Q46"," ","C","","","","BAR1"
" 2068385","Q47"," ","C","","","","BAR1"
" 2068385","Q48"," ","A","","","","BAR1"
" 2068385","Q50"," ","B","","","","BAR1"
" 2068385","Q54"," ","C","","","","BAR1"
" 2068385","Q58"," ","C","","","","BAR1"
" 2068385","Q60"," ","D","","","","BAR1"
" 2068385","Q66"," ","A","","","","BAR1"
" 2068385","Q67"," ","C","","","","BAR1"
" 2068385","Q69"," ","D","","","","BAR1"
" 2068385","Q73"," ","B","","","","BAR1"
" 2068385","Q75"," ","B","","","","BAR1"
" 2068385","Q82"," ","B","","","","BAR1"
" 2068385","Q84"," ","C","","","","BAR1"
" 2068387","Q10"," ","C","","","","BAR1"
" 2068387","Q32"," ","C","","","","BAR1"
" 2068387","Q33"," ","D","","","","BAR1"
" 2068387","Q38"," ","B","","","","BAR1"
" 2068387","Q39"," ","B","","","","BAR1"
" 2068387","Q48","B","*","","","","BAR1"
" 2068387","Q53"," ","D","","","","BAR1"
" 2068387","Q57"," ","A","","","","BAR1"
" 2068387","Q61"," ","D","","","","BAR1"
" 2068387","Q65"," ","C","","","","BAR1"
" 2068387","Q73"," ","C","","","","BAR1"
" 2068387","Q75"," ","D","","","","BAR1"
" 2068387","Q76"," ","A","","","","BAR1"
" 2068387","Q84"," ","A","","","","BAR1"
" 2068387","Q85"," ","A","","","","BAR1"
" 2068396","Q35"," ","C","","","","BAR1"
" 2068396","Q51"," ","C","","","","BAR1"
" 2068396","Q56"," ","C","","","","BAR1"
" 2068396","Q57"," ","C","","","","BAR1"
" 2068396","Q65"," ","C","","","","BAR1"
" 2068396","Q67"," ","C","","","","BAR1"
" 2068396","Q82"," ","C","","","","BAR1"
" 2068396","Q96"," ","C","","","","BAR1"
" 2068397","Q20"," ","C","","","","BAR1"
" 2127662","Q76"," ","D","","","","BAR1"
" 2127662","Q87"," ","B","","","","BAR1"
" 2113910","PAPER_CODE","2109 1","210901","","","","BAR1"
" 2113910","Q23"," ","A","","","","BAR1"
" 2113936","PAPER_CODE","21090","210901","","","","BAR1"
" 2113937","Q70"," ","C","","","","BAR1"
" 2113937","Q81"," ","B","","","","BAR1"
" 2113939","SET"," ","B","","","","BAR1"
" 2113939","Q55"," ","B","","","","BAR1"
" 2113939","Q57"," ","B","","","","BAR1"
" 2113939","Q94"," ","C","","","","BAR1"
" 2113941","PAPER_CODE","21 9 1","210901","","","","BAR1"
" 2113942","Q50"," ","A","","","","BAR1"
" 2113946","Q15"," ","D","","","","BAR1"
" 2113946","Q23"," ","C","","","","BAR1"
" 2113946","Q24"," ","A","","","","BAR1"
" 2113946","Q36"," ","B","","","","BAR1"
" 2113946","Q39"," ","B","","","","BAR1"
" 2113946","Q54"," ","A","","","","BAR1"
" 2113946","Q55"," ","C","","","","BAR1"
" 2113946","Q58"," ","C","","","","BAR1"
" 2113949","Q64"," ","B","","","","BAR1"
" 2113949","Q75"," ","A","","","","BAR1"
" 2113949","Q81"," ","C","","","","BAR1"
" 2113993","PAPER_CODE","21090","210901","","","","BAR1"
" 2113994","PAPER_CODE","      ","210901","","","","BAR1"
" 2113994","Q7"," ","C","","","","BAR1"
" 2113994","Q9"," ","C","","","","BAR1"
" 2113994","Q10"," ","D","","","","BAR1"
" 2113994","Q15"," ","D","","","","BAR1"
" 2113994","Q22"," ","A","","","","BAR1"
" 2113994","Q36"," ","D","","","","BAR1"
" 2113994","Q38"," ","A","","","","BAR1"
" 2113994","Q51"," ","C","","","","BAR1"
" 2113994","Q58"," ","C","","","","BAR1"
" 2113994","Q59"," ","C","","","","BAR1"
" 2113994","Q60"," ","C","","","","BAR1"
" 2113994","Q67"," ","D","","","","BAR1"
" 2113994","Q71"," ","C","","","","BAR1"
" 2113994","Q72"," ","C","","","","BAR1"
" 2113994","Q73"," ","C","","","","BAR1"
" 2113994","Q74"," ","C","","","","BAR1"
" 2113994","Q75"," ","C","","","","BAR1"
" 2113994","Q77"," ","C","","","","BAR1"
" 2113994","Q82"," ","D","","","","BAR1"
" 2113994","Q83"," ","C","","","","BAR1"
" 2113994","Q90"," ","C","","","","BAR1"
" 2113995","Q2"," ","B","","","","BAR1"
" 2113996","Q56"," ","D","","","","BAR1"
" 2113981","Q57","C","*","","","","BAR1"
" 2113984","PAPER_CODE","21 901","210901","","","","BAR1"
" 2113984","Q18"," ","B","","","","BAR1"
" 2113984","Q21"," ","B","","","","BAR1"
" 2113984","Q63"," ","C","","","","BAR1"
" 2113984","Q71"," ","D","","","","BAR1"
" 2113984","Q79"," ","D","","","","BAR1"
" 2113984","Q95"," ","C","","","","BAR1"
" 2113975","PAPER_CODE","      ","210901","","","","BAR1"
" 2113975","Q4"," ","D","","","","BAR1"
" 2113975","Q6"," ","A","","","","BAR1"
" 2113975","Q7"," ","D","","","","BAR1"
" 2113975","Q12"," ","A","","","","BAR1"
" 2113975","Q22"," ","D","","","","BAR1"
" 2113975","Q51"," ","C","","","","BAR1"
" 2113975","Q53"," ","C","","","","BAR1"
" 2113975","Q54"," ","C","","","","BAR1"
" 2113975","Q55"," ","C","","","","BAR1"
" 2113975","Q56"," ","C","","","","BAR1"
" 2113975","Q58"," ","B","","","","BAR1"
" 2113975","Q62"," ","C","","","","BAR1"
" 2113975","Q63"," ","B","","","","BAR1"
" 2113975","Q68"," ","C","","","","BAR1"
" 2113975","Q72"," ","B","","","","BAR1"
" 2113975","Q80"," ","B","","","","BAR1"
" 2113975","Q83"," ","C","","","","BAR1"
" 2113976","Q13"," ","D","","","","BAR1"
" 2113955","PAPER_CODE","      ","210901","","","","BAR1"
" 2113955","Q9"," ","C","","","","BAR1"
" 2113955","Q16"," ","D","","","","BAR1"
" 2113955","Q18"," ","C","","","","BAR1"
" 2113955","Q22"," ","D","","","","BAR1"
" 2113955","Q24"," ","B","","","","BAR1"
" 2113955","Q42"," ","D","","","","BAR1"
" 2113955","Q47"," ","D","","","","BAR1"
" 2113955","Q55"," ","C","","","","BAR1"
" 2113955","Q56"," ","C","","","","BAR1"
" 2113955","Q65"," ","D","","","","BAR1"
" 2113955","Q67"," ","A","","","","BAR1"
" 2113955","Q71"," ","B","","","","BAR1"
" 2113955","Q72"," ","B","","","","BAR1"
" 2113955","Q74"," ","B","","","","BAR1"
" 2113955","Q79"," ","C","","","","BAR1"
" 2113955","Q89"," ","D","","","","BAR1"
" 2113955","Q95"," ","A","","","","BAR1"
" 2113957","PAPER_CODE","2  901","210901","","","","BAR1"
" 2113966","Q47"," ","C","","","","BAR1"
" 2113966","Q79"," ","C","","","","BAR1"
" 2068211","PAPER_CODE","2 090 ","210901","","","","BAR1"
" 2068211","Q14"," ","B","","","","BAR1"
" 2068211","Q29"," ","B","","","","BAR1"
" 2068211","Q34"," ","B","","","","BAR1"
" 2068211","Q45","D","*","","","","BAR1"
" 2068211","Q49"," ","A","","","","BAR1"
" 2068211","Q85"," ","C","","","","BAR1"
" 2068211","Q99"," ","C","","","","BAR1"
" 2068219","PAPER_CODE","2  901","210901","","","","BAR1"
" 2068219","Q5"," ","A","","","","BAR1"
" 2068219","Q9"," ","B","","","","BAR1"
" 2068219","Q46"," ","B","","","","BAR1"
" 2068219","Q59"," ","C","","","","BAR1"
" 2068219","Q70"," ","C","","","","BAR1"
" 2068219","Q75"," ","D","","","","BAR1"
" 2068219","Q76"," ","C","","","","BAR1"
" 2068219","Q95"," ","C","","","","BAR1"
" 2068219","Q96"," ","B","","","","BAR1"
" 2068219","Q99"," ","A","","","","BAR1"
" 2068219","Q100"," ","B","","","","BAR1"
" 2068222","Q30"," ","B","","","","BAR1"
" 2068222","Q51"," ","C","","","","BAR1"
" 2068222","Q68"," ","D","","","","BAR1"
" 2068222","Q70"," ","A","","","","BAR1"
" 2068222","Q76"," ","D","","","","BAR1"
" 2068222","Q79"," ","A","","","","BAR1"
" 2060203","Q6"," ","A","","","","BAR1"
" 2060230","Q57","D","*","","","","BAR1"
" 2060229","PAPER_CODE","2109","210901","","","","BAR1"
" 2060229","Q7"," ","D","","","","BAR1"
" 2060229","Q19"," ","D","","","","BAR1"
" 2060229","Q20"," ","A","","","","BAR1"
" 2060229","Q23"," ","B","","","","BAR1"
" 2060229","Q24"," ","A","","","","BAR1"
" 2060229","Q28"," ","B","","","","BAR1"
" 2060229","Q29"," ","C","","","","BAR1"
" 2060229","Q48"," ","B","","","","BAR1"
" 2060229","Q61"," ","D","","","","BAR1"
" 2060229","Q64"," ","C","","","","BAR1"
" 2060229","Q71"," ","D","","","","BAR1"
" 2060229","Q75"," ","D","","","","BAR1"
" 2060229","Q76"," ","A","","","","BAR1"
" 2060229","Q77"," ","C","","","","BAR1"
" 2060229","Q78"," ","C","","","","BAR1"
" 2060229","Q81"," ","C","","","","BAR1"
" 2060229","Q83"," ","C","","","","BAR1"
" 2060229","Q92"," ","C","","","","BAR1"
" 2060227","Q54","C","*","","","","BAR1"
" 2060211","Q90"," ","A","","","","BAR1"
" 2060211","Q95"," ","C","","","","BAR1"
" 2060222","Q75","D","*","","","","BAR1"
" 2060214","PAPER_CODE","2109","210901","","","","BAR1"
" 2060214","Q11"," ","A","","","","BAR1"
" 2060214","Q22"," ","A","","","","BAR1"
" 2060214","Q33"," ","A","","","","BAR1"
" 2060214","Q63"," ","D","","","","BAR1"
" 2060239","Q62"," ","B","","","","BAR1"
" 2060239","Q65"," ","B","","","","BAR1"
" 2060239","Q79"," ","A","","","","BAR1"
" 2060239","Q81"," ","D","","","","BAR1"
" 2060239","Q100"," ","C","","","","BAR1"
" 2060243","PAPER_CODE","21090","210901","","","","BAR1"
" 2060243","Q4"," ","A","","","","BAR1"
" 2060243","Q56"," ","D","","","","BAR1"
" 2060243","Q60"," ","C","","","","BAR1"
" 2060243","Q63"," ","C","","","","BAR1"
" 2060243","Q70"," ","D","","","","BAR1"
" 2060243","Q74"," ","A","","","","BAR1"
" 2060243","Q76"," ","C","","","","BAR1"
" 2060243","Q83"," ","A","","","","BAR1"
" 2060244","Q89"," ","C","","","","BAR1"
" 2060248","PAPER_CODE","21 901","210901","","","","BAR1"
" 2060271","Q51"," ","A","","","","BAR1"
" 2060277","Q79"," ","C","","","","BAR1"
" 2060279","PAPER_CODE","2 0901","210901","","","","BAR1"
" 2060298","Q47","C"," ","","","","BAR1"
" 2060298","Q48","C"," ","","","","BAR1"
" 2060298","Q50","B"," ","","","","BAR1"
" 2060303","PAPER_CODE","2109","210901","","","","BAR1"
" 2060303","Q60"," ","D","","","","BAR1"
" 2060303","Q66"," ","C","","","","BAR1"
" 2060303","Q72"," ","C","","","","BAR1"
" 2060305","Q63"," ","D","","","","BAR1"
" 2060308","PAPER_CODE","2  9  ","210901","","","","BAR1"
" 2060308","Q59"," ","C","","","","BAR1"
" 2060319","SET"," ","B","","","","BAR1"
" 2060319","Q53"," ","C","","","","BAR1"
" 2060319","Q66"," ","C","","","","BAR1"
" 2060319","Q76"," ","B","","","","BAR1"
" 2060322","Q41","C"," ","","","","BAR1"
" 2060322","Q51"," ","D","","","","BAR1"
" 2060323","Q37"," ","B","","","","BAR1"
" 2060323","Q46","C"," ","","","","BAR1"
" 2060323","Q53"," ","B","","","","BAR1"
" 2060323","Q70"," ","C","","","","BAR1"
" 2060323","Q82"," ","B","","","","BAR1"
" 2060323","Q87"," ","B","","","","BAR1"
" 2060328","Q49","C"," ","","","","BAR1"
" 2060328","Q60"," ","C","","","","BAR1"
" 2060328","Q92","A"," ","","","","BAR1"
" 2060331","Q47","B"," ","","","","BAR1"
" 2060331","Q68"," ","D","","","","BAR1"
" 2060360","Q51"," ","C","","","","BAR1"
" 2060360","Q92"," ","D","","","","BAR1"
" 2060361","PAPER_CODE","21 9 1","210901","","","","BAR1"
" 2060362","Q13"," ","D","","","","BAR1"
" 2060362","Q89"," ","D","","","","BAR1"
" 2060363","Q1","C","*","","","","BAR1"
" 2060367","PAPER_CODE","2 090 ","210901","","","","BAR1"
" 2060367","Q2"," ","D","","","","BAR1"
" 2060367","Q6"," ","A","","","","BAR1"
" 2060367","Q7"," ","C","","","","BAR1"
" 2060367","Q14"," ","A","","","","BAR1"
" 2060367","Q37"," ","A","","","","BAR1"
" 2060367","Q51"," ","A","","","","BAR1"
" 2060367","Q63"," ","B","","","","BAR1"
" 2060367","Q65"," ","B","","","","BAR1"
" 2060367","Q67"," ","C","","","","BAR1"
" 2060367","Q82"," ","C","","","","BAR1"
" 2060335","PAPER_CODE","61978","619788","","","","BAR1"
" 2060335","Q71"," ","C","","","","BAR1"
" 2060335","Q85"," ","B","","","","BAR1"
" 2060335","Q86"," ","C","","","","BAR1"
" 2060335","Q90"," ","C","","","","BAR1"
" 2060335","Q91"," ","C","","","","BAR1"
" 2060335","Q96"," ","B","","","","BAR1"
" 2060335","Q97"," ","B","","","","BAR1"
" 2060335","Q98"," ","D","","","","BAR1"
" 2060351","Q78","C","*","","","","BAR1"
" 2060399","Q26"," ","B","","","","BAR1"
" 2060399","Q27"," ","B","","","","BAR1"
" 2060399","Q29"," ","C","","","","BAR1"
" 2060399","Q30"," ","D","","","","BAR1"
" 2060399","Q34"," ","B","","","","BAR1"
" 2060399","Q41"," ","C","","","","BAR1"
" 2060399","Q78"," ","A","","","","BAR1"
" 2060399","Q86"," ","A","","","","BAR1"
" 2060399","Q91"," ","B","","","","BAR1"
" 2060397","Q20","D","*","","","","BAR1"
" 2060397","Q45","C","*","","","","BAR1"
" 2060368","Q35"," ","B","","","","BAR1"
" 2060368","Q66"," ","D","","","","BAR1"
" 2060368","Q86"," ","B","","","","BAR1"
" 2060368","Q99"," ","A","","","","BAR1"
" 2060384","Q11"," ","A","","","","BAR1"
" 2060384","Q43"," ","A","","","","BAR1"
" 2060379","Q85"," ","A","","","","BAR1"
" 2060377","Q84"," ","A","","","","BAR1"
" 2093933","PAPER_CODE","2  9 1","210901","","","","BAR1"
" 2093933","Q51","C","*","","","","BAR1"
" 2093933","Q86"," ","C","","","","BAR1"
" 2093933","Q96"," ","C","","","","BAR1"
" 2093934","Q35"," ","A","","","","BAR1"
" 2093934","Q37"," ","B","","","","BAR1"
" 2093934","Q44"," ","C","","","","BAR1"
" 2093934","Q52"," ","C","","","","BAR1"
" 2093934","Q58"," ","A","","","","BAR1"
" 2093934","Q68"," ","D","","","","BAR1"
" 2093934","Q69"," ","C","","","","BAR1"
" 2093934","Q74"," ","A","","","","BAR1"
" 2093934","Q75"," ","C","","","","BAR1"
" 2093934","Q76"," ","C","","","","BAR1"
" 2093934","Q78"," ","B","","","","BAR1"
" 2093934","Q79"," ","A","","","","BAR1"
" 2093934","Q83"," ","A","","","","BAR1"
" 2093934","Q96"," ","C","","","","BAR1"
" 2093934","Q97"," ","B","","","","BAR1"
" 2093939","PAPER_CODE","2109","210901","","","","BAR1"
" 2093939","Q1"," ","C","","","","BAR1"
" 2093939","Q2"," ","B","","","","BAR1"
" 2093939","Q3"," ","A","","","","BAR1"
" 2093939","Q4"," ","D","","","","BAR1"
" 2093939","Q6"," ","C","","","","BAR1"
" 2093939","Q7"," ","A","","","","BAR1"
" 2093939","Q8"," ","C","","","","BAR1"
" 2093939","Q9"," ","B","","","","BAR1"
" 2093939","Q11"," ","A","","","","BAR1"
" 2093939","Q13"," ","C","","","","BAR1"
" 2093939","Q19"," ","B","","","","BAR1"
" 2093939","Q39"," ","B","","","","BAR1"
" 2093939","Q47"," ","A","","","","BAR1"
" 2093939","Q49"," ","D","","","","BAR1"
" 2093939","Q51"," ","C","","","","BAR1"
" 2093939","Q53"," ","C","","","","BAR1"
" 2093939","Q56"," ","B","","","","BAR1"
" 2093939","Q57"," ","B","","","","BAR1"
" 2093939","Q58"," ","A","","","","BAR1"
" 2093939","Q59"," ","D","","","","BAR1"
" 2093939","Q61"," ","B","","","","BAR1"
" 2093939","Q63"," ","B","","","","BAR1"
" 2093939","Q65"," ","B","","","","BAR1"
" 2093939","Q67"," ","C","","","","BAR1"
" 2093939","Q68"," ","B","","","","BAR1"
" 2093939","Q70"," ","B","","","","BAR1"
" 2093939","Q71"," ","C","","","","BAR1"
" 2093939","Q73"," ","C","","","","BAR1"
" 2093939","Q75"," ","D","","","","BAR1"
" 2093939","Q76"," ","C","","","","BAR1"
" 2093939","Q77"," ","C","","","","BAR1"
" 2093939","Q79"," ","C","","","","BAR1"
" 2093939","Q82"," ","B","","","","BAR1"
" 2093939","Q83"," ","C","","","","BAR1"
" 2093939","Q85"," ","B","","","","BAR1"
" 2093939","Q86"," ","D","","","","BAR1"
" 2093939","Q87"," ","C","","","","BAR1"
" 2093939","Q88"," ","D","","","","BAR1"
" 2093939","Q89"," ","B","","","","BAR1"
" 2093939","Q90"," ","B","","","","BAR1"
" 2093939","Q91"," ","B","","","","BAR1"
" 2093939","Q95"," ","B","","","","BAR1"
" 2093939","Q97"," ","C","","","","BAR1"
" 2093939","Q98"," ","C","","","","BAR1"
" 2093939","Q99"," ","A","","","","BAR1"
" 2093939","Q100"," ","B","","","","BAR1"
" 2093940","PAPER_CODE","21   1","210901","","","","BAR1"
" 2093940","Q27"," ","B","","","","BAR1"
" 2093940","Q39"," ","B","","","","BAR1"
" 2093940","Q42"," ","C","","","","BAR1"
" 2093940","Q44"," ","A","","","","BAR1"
" 2093940","Q46"," ","D","","","","BAR1"
" 2093940","Q48"," ","C","","","","BAR1"
" 2093940","Q55"," ","B","","","","BAR1"
" 2093940","Q73"," ","B","","","","BAR1"
" 2093940","Q74"," ","A","","","","BAR1"
" 2093940","Q89"," ","A","","","","BAR1"
" 2093944","Q51","D","*","","","","BAR1"
" 2093947","Q30"," ","A","","","","BAR1"
" 2093949","Q79"," ","D","","","","BAR1"
" 2093963","PAPER_CODE","21  0 ","210901","","","","BAR1"
" 2093963","Q2"," ","A","","","","BAR1"
" 2093963","Q3"," ","D","","","","BAR1"
" 2093963","Q6"," ","A","","","","BAR1"
" 2093963","Q8"," ","B","","","","BAR1"
" 2093963","Q11"," ","C","","","","BAR1"
" 2093963","Q15"," ","D","","","","BAR1"
" 2093963","Q25"," ","A","","","","BAR1"
" 2093963","Q29"," ","D","","","","BAR1"
" 2093963","Q31"," ","C","","","","BAR1"
" 2093963","Q32"," ","D","","","","BAR1"
" 2093963","Q33"," ","B","","","","BAR1"
" 2093963","Q51"," ","C","","","","BAR1"
" 2093963","Q52"," ","C","","","","BAR1"
" 2093963","Q55"," ","D","","","","BAR1"
" 2093963","Q57"," ","B","","","","BAR1"
" 2093963","Q59"," ","B","","","","BAR1"
" 2093963","Q60"," ","A","","","","BAR1"
" 2093963","Q63"," ","B","","","","BAR1"
" 2093963","Q64"," ","B","","","","BAR1"
" 2093963","Q65"," ","B","","","","BAR1"
" 2093963","Q66"," ","A","","","","BAR1"
" 2093963","Q67"," ","C","","","","BAR1"
" 2093963","Q70"," ","D","","","","BAR1"
" 2093963","Q74"," ","B","","","","BAR1"
" 2093963","Q75"," ","D","","","","BAR1"
" 2093963","Q76"," ","B","","","","BAR1"
" 2093963","Q77"," ","C","","","","BAR1"
" 2093963","Q79"," ","C","","","","BAR1"
" 2093963","Q83"," ","C","","","","BAR1"
" 2093963","Q86"," ","D","","","","BAR1"
" 2093963","Q87"," ","B","","","","BAR1"
" 2093963","Q88"," ","A","","","","BAR1"
" 2093963","Q89"," ","C","","","","BAR1"
" 2093963","Q99"," ","A","","","","BAR1"
" 2093963","Q100"," ","B","","","","BAR1"
" 2093979","Q1"," ","A","","","","BAR1"
" 2093979","Q2"," ","A","","","","BAR1"
" 2093979","Q7"," ","D","","","","BAR1"
" 2093979","Q8"," ","C","","","","BAR1"
" 2093979","Q13"," ","B","","","","BAR1"
" 2093979","Q15"," ","A","","","","BAR1"
" 2093979","Q17"," ","D","","","","BAR1"
" 2093979","Q19"," ","B","","","","BAR1"
" 2093979","Q44"," ","B","","","","BAR1"
" 2093979","Q77"," ","B","","","","BAR1"
" 2093993","PAPER_CODE","2  9  ","210901","","","","BAR1"
" 2138567","Q79"," ","A","","","","BAR1"
" 2138569","PAPER_CODE","21090","210901","","","","BAR1"
" 2138570","Q38","A","*","","","","BAR1"
" 2138576","Q77","C","*","","","","BAR1"
" 2138579","PAPER_CODE","21 90 ","210901","","","","BAR1"
" 2138579","Q8"," ","A","","","","BAR1"
" 2138579","Q18"," ","B","","","","BAR1"
" 2138579","Q20"," ","A","","","","BAR1"
" 2138579","Q54"," ","C","","","","BAR1"
" 2138579","Q64"," ","B","","","","BAR1"
" 2138579","Q65"," ","C","","","","BAR1"
" 2138579","Q92"," ","A","","","","BAR1"
" 2138580","Q23"," ","D","","","","BAR1"
" 2138580","Q64"," ","B","","","","BAR1"
" 2138580","Q65"," ","D","","","","BAR1"
" 2138584","PAPER_CODE","2109","210901","","","","BAR1"
" 2138584","Q17"," ","B","","","","BAR1"
" 2138584","Q39"," ","B","","","","BAR1"
" 2138584","Q42"," ","B","","","","BAR1"
" 2138584","Q44"," ","A","","","","BAR1"
" 2138584","Q69"," ","D","","","","BAR1"
" 2138584","Q89"," ","A","","","","BAR1"
" 2138584","Q90"," ","A","","","","BAR1"
" 2138584","Q92"," ","B","","","","BAR1"
" 2138584","Q99"," ","D","","","","BAR1"
" 2138585","Q81"," ","C","","","","BAR1"
" 2138210","Q98"," ","D","","","","BAR1"
" 2090804","Q68"," ","D","","","","BAR1"
" 2090804","Q81"," ","B","","","","BAR1"
" 2090809","Q91","D","*","","","","BAR1"
" 2090810","Q58"," ","C","","","","BAR1"
" 2090810","Q60"," ","A","","","","BAR1"
" 2090811","PAPER_CODE","5","*****1","","","","BAR1"
" 2090811","Q1"," ","C","","","","BAR1"
" 2090811","Q2"," ","B","","","","BAR1"
" 2090811","Q3"," ","C","","","","BAR1"
" 2090811","Q5"," ","B","","","","BAR1"
" 2090811","Q6"," ","C","","","","BAR1"
" 2090811","Q8"," ","B","","","","BAR1"
" 2090811","Q9"," ","A","","","","BAR1"
" 2090811","Q11"," ","A","","","","BAR1"
" 2090811","Q19"," ","B","","","","BAR1"
" 2090811","Q20"," ","B","","","","BAR1"
" 2090811","Q21"," ","D","","","","BAR1"
" 2090811","Q22"," ","A","","","","BAR1"
" 2090811","Q26"," ","D","","","","BAR1"
" 2090811","Q27"," ","B","","","","BAR1"
" 2090811","Q28"," ","C","","","","BAR1"
" 2090811","Q30"," ","D","","","","BAR1"
" 2090811","Q31"," ","C","","","","BAR1"
" 2090811","Q34"," ","B","","","","BAR1"
" 2090811","Q35"," ","C","","","","BAR1"
" 2090811","Q38"," ","D","","","","BAR1"
" 2090811","Q40"," ","D","","","","BAR1"
" 2090811","Q42"," ","B","","","","BAR1"
" 2090811","Q51"," ","C","","","","BAR1"
" 2090811","Q55"," ","D","","","","BAR1"
" 2090811","Q59"," ","C","","","","BAR1"
" 2090811","Q75"," ","D","","","","BAR1"
" 2090811","Q84"," ","C","","","","BAR1"
" 2090811","Q85"," ","B","","","","BAR1"
" 2090811","Q86"," ","A","","","","BAR1"
" 2090811","Q87"," ","C","","","","BAR1"
" 2090811","Q88"," ","B","","","","BAR1"
" 2090811","Q89"," ","C","","","","BAR1"
" 2090811","Q90"," ","C","","","","BAR1"
" 2090811","Q91"," ","B","","","","BAR1"
" 2090811","Q92"," ","A","","","","BAR1"
" 2090811","Q93"," ","C","","","","BAR1"
" 2090811","Q94"," ","D","","","","BAR1"
" 2090811","Q95"," ","C","","","","BAR1"
" 2090811","Q96"," ","B","","","","BAR1"
" 2090811","Q98"," ","B","","","","BAR1"
" 2090820","Q52"," ","C","","","","BAR1"
" 2090832","PAPER_CODE","21 9  ","210901","","","","BAR1"
" 2090863","Q59"," ","B","","","","BAR1"
" 2090868","Q77"," ","C","","","","BAR1"
" 2090868","Q79"," ","C","","","","BAR1"
" 2093881","PAPER_CODE","21 9 1","210901","","","","BAR1"
" 2093881","Q3"," ","C","","","","BAR1"
" 2093881","Q9"," ","A","","","","BAR1"
" 2093881","Q20"," ","D","","","","BAR1"
" 2093881","Q21"," ","D","","","","BAR1"
" 2093881","Q23"," ","B","","","","BAR1"
" 2093881","Q24"," ","A","","","","BAR1"
" 2093881","Q26"," ","D","","","","BAR1"
" 2093881","Q28"," ","C","","","","BAR1"
" 2093881","Q33"," ","A","","","","BAR1"
" 2093881","Q34"," ","C","","","","BAR1"
" 2093881","Q35"," ","B","","","","BAR1"
" 2093881","Q36"," ","A","","","","BAR1"
" 2093881","Q39"," ","B","","","","BAR1"
" 2093881","Q42"," ","B","","","","BAR1"
" 2093881","Q43"," ","A","","","","BAR1"
" 2093881","Q44"," ","A","","","","BAR1"
" 2093881","Q45"," ","A","","","","BAR1"
" 2093881","Q49"," ","A","","","","BAR1"
" 2093881","Q50"," ","D","","","","BAR1"
" 2093881","Q51"," ","A","","","","BAR1"
" 2093881","Q59"," ","C","","","","BAR1"
" 2093881","Q63"," ","B","","","","BAR1"
" 2093881","Q64"," ","C","","","","BAR1"
" 2093881","Q66"," ","B","","","","BAR1"
" 2093881","Q69"," ","D","","","","BAR1"
" 2093881","Q71"," ","C","","","","BAR1"
" 2093881","Q73"," ","D","","","","BAR1"
" 2093881","Q74"," ","D","","","","BAR1"
" 2093881","Q75"," ","C","","","","BAR1"
" 2093881","Q76"," ","A","","","","BAR1"
" 2093881","Q81"," ","C","","","","BAR1"
" 2093881","Q90"," ","A","","","","BAR1"
" 2093881","Q92"," ","D","","","","BAR1"
" 2093881","Q100"," ","D","","","","BAR1"
" 2090880","PAPER_CODE","901","210901","","","","BAR1"
" 2090880","Q63"," ","C","","","","BAR1"
" 2090880","Q90"," ","B","","","","BAR1"
" 2090895","Q2"," ","A","","","","BAR1"
" 2090905","Q68"," ","C","","","","BAR1"
" 2090919","PAPER_CODE","21   1","210901","","","","BAR1"
" 2090919","Q44"," ","B","","","","BAR1"
" 2090919","Q66"," ","B","","","","BAR1"
" 2090919","Q98"," ","D","","","","BAR1"
" 2090920","Q33","C","*","","","","BAR1"
" 2090920","Q93"," ","B","","","","BAR1"
" 2090929","PAPER_CODE","1","210901","","","","BAR1"
" 2090929","Q50"," ","B","","","","BAR1"
" 2090929","Q51"," ","D","","","","BAR1"
" 2090929","Q52"," ","C","","","","BAR1"
" 2090929","Q53"," ","A","","","","BAR1"
" 2090929","Q55"," ","C","","","","BAR1"
" 2090929","Q57"," ","B","","","","BAR1"
" 2090929","Q64"," ","C","","","","BAR1"
" 2090929","Q68"," ","B","","","","BAR1"
" 2090929","Q71"," ","B","","","","BAR1"
" 2090929","Q78"," ","D","","","","BAR1"
" 2090929","Q79"," ","C","","","","BAR1"
" 2090929","Q80"," ","B","","","","BAR1"
" 2090929","Q86"," ","D","","","","BAR1"
" 2090929","Q94"," ","A","","","","BAR1"
" 2090929","Q95"," ","C","","","","BAR1"
" 2090929","Q96"," ","A","","","","BAR1"
" 2090929","Q97"," ","B","","","","BAR1"
" 2090929","Q98"," ","A","","","","BAR1"
" 2090929","Q100"," ","C","","","","BAR1"
" 2090932","Q28"," ","A","","","","BAR1"
" 2090933","PAPER_CODE","10901","210901","","","","BAR1"
" 2090933","Q15"," ","A","","","","BAR1"
" 2090933","Q38"," ","B","","","","BAR1"
" 2090933","Q65"," ","D","","","","BAR1"
" 2090933","Q68"," ","C","","","","BAR1"
" 2090933","Q98"," ","C","","","","BAR1"
" 2090935","PAPER_CODE","2109","210901","","","","BAR1"
" 2090935","Q46"," ","B","","","","BAR1"
" 2090935","Q47"," ","B","","","","BAR1"
" 2090935","Q63"," ","D","","","","BAR1"
" 2090935","Q72"," ","C","","","","BAR1"
" 2090943","Q9","D","*","","","","BAR1"
" 2090944","Q49"," ","C","","","","BAR1"
" 2090956","Q32","C","*","","","","BAR1"
" 2090969","Q6"," ","D","","","","BAR1"
" 2090969","Q27"," ","B","","","","BAR1"
" 2090969","Q39"," ","B","","","","BAR1"
" 2090969","Q55"," ","A","","","","BAR1"
" 2090969","Q61"," ","C","","","","BAR1"
" 2090969","Q71"," ","C","","","","BAR1"
" 2090969","Q87"," ","C","","","","BAR1"
" 2090970","Q16"," ","C","","","","BAR1"
" 2090970","Q28"," ","C","","","","BAR1"
" 2090970","Q29"," ","D","","","","BAR1"
" 2090970","Q32"," ","D","","","","BAR1"
" 2090970","Q33"," ","B","","","","BAR1"
" 2090970","Q35"," ","C","","","","BAR1"
" 2090970","Q43"," ","B","","","","BAR1"
" 2090970","Q45"," ","D","","","","BAR1"
" 2090970","Q51"," ","C","","","","BAR1"
" 2090970","Q53"," ","B","","","","BAR1"
" 2090970","Q56"," ","D","","","","BAR1"
" 2090970","Q58"," ","C","","","","BAR1"
" 2090970","Q59"," ","C","","","","BAR1"
" 2090970","Q60"," ","B","","","","BAR1"
" 2090970","Q62"," ","B","","","","BAR1"
" 2090970","Q63"," ","D","","","","BAR1"
" 2090970","Q64"," ","A","","","","BAR1"
" 2090970","Q65"," ","C","","","","BAR1"
" 2090970","Q66"," ","B","","","","BAR1"
" 2090970","Q67"," ","A","","","","BAR1"
" 2090970","Q70"," ","B","","","","BAR1"
" 2090970","Q71"," ","B","","","","BAR1"
" 2090970","Q72"," ","A","","","","BAR1"
" 2090970","Q73"," ","B","","","","BAR1"
" 2090970","Q75"," ","D","","","","BAR1"
" 2090970","Q80"," ","C","","","","BAR1"
" 2090970","Q81"," ","B","","","","BAR1"
" 2090970","Q82"," ","C","","","","BAR1"
" 2090970","Q83"," ","D","","","","BAR1"
" 2090970","Q85"," ","B","","","","BAR1"
" 2090970","Q86"," ","B","","","","BAR1"
" 2090970","Q87"," ","A","","","","BAR1"
" 2090970","Q88"," ","A","","","","BAR1"
" 2090970","Q90"," ","A","","","","BAR1"
" 2090970","Q93"," ","A","","","","BAR1"
" 2090970","Q95"," ","B","","","","BAR1"
" 2090970","Q96"," ","A","","","","BAR1"
" 2090970","Q97"," ","D","","","","BAR1"
" 2090970","Q99"," ","B","","","","BAR1"
" 2090970","Q100"," ","A","","","","BAR1"
" 2090971","Q46","C"," ","","","","BAR1"
" 2090980","Q38"," ","C","","","","BAR1"
" 2090980","Q54"," ","D","","","","BAR1"
" 2090986","Q49"," ","B","","","","BAR1"
" 2090986","Q80"," ","C","","","","BAR1"
" 2090991","Q9"," ","C","","","","BAR1"
" 2090999","Q93"," ","B","","","","BAR1"
" 2090999","Q94"," ","B","","","","BAR1"
" 2090999","Q95"," ","C","","","","BAR1"
" 2090999","Q96"," ","C","","","","BAR1"
" 2090999","Q97"," ","C","","","","BAR1"
" 2090999","Q99"," ","B","","","","BAR1"
" 2093806","PAPER_CODE","21090","210901","","","","BAR1"
" 2093812","Q87"," ","B","","","","BAR1"
" 2093817","Q31"," ","C","","","","BAR1"
" 2093817","Q35"," ","B","","","","BAR1"
" 2093817","Q36"," ","D","","","","BAR1"
" 2093819","PAPER_CODE","21 90 ","210901","","","","BAR1"
" 2093823","Q16","B","*","","","","BAR1"
" 2093828","Q71"," ","B","","","","BAR1"
" 2093829","Q66"," ","B","","","","BAR1"
" 2093830","Q73","D","*","","","","BAR1"
" 2093863","Q45","D","*","","","","BAR1"
" 2093869","PAPER_CODE","21 901","210901","","","","BAR1"
" 2093869","Q16"," ","A","","","","BAR1"
" 2093869","Q61"," ","C","","","","BAR1"
" 2093869","Q64"," ","C","","","","BAR1"
" 2093869","Q67"," ","C","","","","BAR1"
" 2093869","Q68"," ","D","","","","BAR1"
" 2093869","Q70"," ","C","","","","BAR1"
" 2093869","Q73"," ","C","","","","BAR1"
" 2093869","Q78"," ","B","","","","BAR1"
" 2093869","Q94"," ","C","","","","BAR1"
" 2093870","PAPER_CODE","2109 1","210901","","","","BAR1"
" 2093870","Q56"," ","C","","","","BAR1"
" 2093872","PAPER_CODE","2 0901","210901","","","","BAR1"
" 2093872","Q47"," ","B","","","","BAR1"
" 2093872","Q85"," ","B","","","","BAR1"
" 2093879","PAPER_CODE","21 90 ","210901","","","","BAR1"
" 2093882","Q88"," ","B","","","","BAR1"
" 2093885","SET"," ","A","","","","BAR1"
" 2093885","PAPER_CODE","      ","210901","","","","BAR1"
" 2093885","Q1"," ","C","","","","BAR1"
" 2093885","Q2"," ","A","","","","BAR1"
" 2093885","Q6"," ","C","","","","BAR1"
" 2093885","Q8"," ","C","","","","BAR1"
" 2093885","Q14"," ","A","","","","BAR1"
" 2093885","Q16"," ","A","","","","BAR1"
" 2093885","Q17"," ","D","","","","BAR1"
" 2093885","Q19"," ","B","","","","BAR1"
" 2093885","Q22"," ","C","","","","BAR1"
" 2093885","Q23"," ","D","","","","BAR1"
" 2093885","Q28"," ","D","","","","BAR1"
" 2093885","Q33"," ","A","","","","BAR1"
" 2093885","Q35"," ","B","","","","BAR1"
" 2093885","Q36"," ","D","","","","BAR1"
" 2093885","Q38"," ","A","","","","BAR1"
" 2093885","Q41"," ","C","","","","BAR1"
" 2093885","Q42"," ","C","","","","BAR1"
" 2093885","Q43"," ","A","","","","BAR1"
" 2093885","Q44"," ","A","","","","BAR1"
" 2093885","Q52"," ","D","","","","BAR1"
" 2093885","Q53"," ","D","","","","BAR1"
" 2093885","Q54"," ","A","","","","BAR1"
" 2093885","Q55"," ","B","","","","BAR1"
" 2093885","Q56"," ","A","","","","BAR1"
" 2093885","Q57"," ","A","","","","BAR1"
" 2093885","Q58"," ","C","","","","BAR1"
" 2093885","Q63"," ","B","","","","BAR1"
" 2093885","Q64"," ","B","","","","BAR1"
" 2093885","Q66"," ","C","","","","BAR1"
" 2093885","Q70"," ","A","","","","BAR1"
" 2093885","Q71"," ","C","","","","BAR1"
" 2093885","Q72"," ","A","","","","BAR1"
" 2093885","Q73"," ","C","","","","BAR1"
" 2093885","Q74"," ","B","","","","BAR1"
" 2093885","Q75"," ","C","","","","BAR1"
" 2093885","Q76"," ","A","","","","BAR1"
" 2093885","Q81"," ","A","","","","BAR1"
" 2093885","Q83"," ","C","","","","BAR1"
" 2093885","Q86"," ","C","","","","BAR1"
" 2093885","Q91"," ","C","","","","BAR1"
" 2093885","Q92"," ","C","","","","BAR1"
" 2093885","Q93"," ","A","","","","BAR1"
" 2093885","Q97"," ","C","","","","BAR1"
" 2093885","Q98"," ","D","","","","BAR1"
" 2093885","Q100"," ","B","","","","BAR1"
" 2093886","Q64"," ","B","","","","BAR1"
" 2093901","Q82"," ","B","","","","BAR1"
" 2093903","Q55"," ","C","","","","BAR1"
" 2093903","Q58"," ","C","","","","BAR1"
" 2093906","Q61","D","*","","","","BAR1"
" 2093906","Q70"," ","B","","","","BAR1"
" 2093915","Q95","C","*","","","","BAR1"
" 2093925","Q10"," ","D","","","","BAR1"
" 2093930","Q43","C"," ","","","","BAR1"
" 2055203","PAPER_CODE","2  9  ","210901","","","","BAR1"
" 2055203","Q55"," ","D","","","","BAR1"
" 2055203","Q61"," ","D","","","","BAR1"
" 2055203","Q64"," ","B","","","","BAR1"
" 2055203","Q79"," ","D","","","","BAR1"
" 2055203","Q85"," ","C","","","","BAR1"
" 2055203","Q88"," ","B","","","","BAR1"
" 2055203","Q99"," ","B","","","","BAR1"
" 2055217","Q91"," ","C","","","","BAR1"
" 2055219","Q55"," ","C","","","","BAR1"
" 2055219","Q78"," ","C","","","","BAR1"
" 2055224","Q94"," ","C","","","","BAR1"
" 2055238","Q8"," ","C","","","","BAR1"
" 2055238","Q13"," ","D","","","","BAR1"
" 2055238","Q15"," ","D","","","","BAR1"
" 2055238","Q85"," ","B","","","","BAR1"
" 2055238","Q86"," ","D","","","","BAR1"
" 2055238","Q88"," ","B","","","","BAR1"
" 2055238","Q89"," ","B","","","","BAR1"
" 2055238","Q90"," ","B","","","","BAR1"
" 2055238","Q91"," ","C","","","","BAR1"
" 2055245","PAPER_CODE","2    1","210901","","","","BAR1"
" 2055245","Q8"," ","D","","","","BAR1"
" 2055245","Q9"," ","D","","","","BAR1"
" 2055245","Q10"," ","B","","","","BAR1"
" 2055245","Q11"," ","D","","","","BAR1"
" 2055245","Q13"," ","A","","","","BAR1"
" 2055245","Q14"," ","A","","","","BAR1"
" 2055245","Q15"," ","C","","","","BAR1"
" 2055245","Q19"," ","B","","","","BAR1"
" 2055245","Q21"," ","A","","","","BAR1"
" 2055245","Q23"," ","A","","","","BAR1"
" 2055245","Q24"," ","A","","","","BAR1"
" 2055245","Q26"," ","C","","","","BAR1"
" 2055245","Q28"," ","C","","","","BAR1"
" 2055245","Q29"," ","B","","","","BAR1"
" 2055245","Q31"," ","B","","","","BAR1"
" 2055245","Q35"," ","C","","","","BAR1"
" 2055245","Q36"," ","D","","","","BAR1"
" 2055245","Q38"," ","A","","","","BAR1"
" 2055245","Q39"," ","A","","","","BAR1"
" 2055245","Q40"," ","D","","","","BAR1"
" 2055245","Q41"," ","C","","","","BAR1"
" 2055245","Q43"," ","D","","","","BAR1"
" 2055245","Q44"," ","D","","","","BAR1"
" 2055245","Q45"," ","B","","","","BAR1"
" 2055245","Q46"," ","C","","","","BAR1"
" 2055245","Q50"," ","D","","","","BAR1"
" 2055245","Q51"," ","C","","","","BAR1"
" 2055245","Q54"," ","A","","","","BAR1"
" 2055245","Q57"," ","C","","","","BAR1"
" 2055245","Q58"," ","C","","","","BAR1"
" 2055245","Q59"," ","B","","","","BAR1"
" 2055245","Q60"," ","B","","","","BAR1"
" 2055245","Q61"," ","A","","","","BAR1"
" 2055245","Q63"," ","C","","","","BAR1"
" 2055245","Q64"," ","D","","","","BAR1"
" 2055245","Q67"," ","C","","","","BAR1"
" 2055245","Q69"," ","B","","","","BAR1"
" 2055245","Q70"," ","C","","","","BAR1"
" 2055245","Q71"," ","A","","","","BAR1"
" 2055245","Q72"," ","D","","","","BAR1"
" 2055245","Q73"," ","C","","","","BAR1"
" 2055245","Q75"," ","C","","","","BAR1"
" 2055245","Q76"," ","D","","","","BAR1"
" 2055245","Q77"," ","B","","","","BAR1"
" 2055245","Q78"," ","D","","","","BAR1"
" 2055245","Q79"," ","C","","","","BAR1"
" 2055245","Q81"," ","A","","","","BAR1"
" 2055245","Q82"," ","D","","","","BAR1"
" 2055245","Q83"," ","B","","","","BAR1"
" 2055245","Q84"," ","A","","","","BAR1"
" 2055245","Q85"," ","D","","","","BAR1"
" 2055245","Q86"," ","C","","","","BAR1"
" 2055245","Q87"," ","C","","","","BAR1"
" 2055245","Q88"," ","B","","","","BAR1"
" 2055245","Q89"," ","A","","","","BAR1"
" 2055245","Q90"," ","B","","","","BAR1"
" 2055245","Q91"," ","C","","","","BAR1"
" 2055245","Q93"," ","B","","","","BAR1"
" 2055245","Q94"," ","C","","","","BAR1"
" 2055245","Q97"," ","B","","","","BAR1"
" 2055245","Q98"," ","D","","","","BAR1"
" 2055245","Q99"," ","B","","","","BAR1"
" 2055245","Q100"," ","A","","","","BAR1"
" 2055259","SET"," ","C","","","","BAR1"
" 2055259","PAPER_CODE","21","210901","","","","BAR1"
" 2055259","Q1"," ","D","","","","BAR1"
" 2055259","Q17"," ","D","","","","BAR1"
" 2055259","Q26"," ","D","","","","BAR1"
" 2055259","Q29"," ","D","","","","BAR1"
" 2055259","Q30"," ","C","","","","BAR1"
" 2055259","Q32"," ","D","","","","BAR1"
" 2055259","Q35"," ","D","","","","BAR1"
" 2055259","Q37"," ","D","","","","BAR1"
" 2055259","Q38"," ","B","","","","BAR1"
" 2055259","Q40"," ","D","","","","BAR1"
" 2055259","Q42"," ","B","","","","BAR1"
" 2055259","Q43"," ","D","","","","BAR1"
" 2055259","Q45"," ","C","","","","BAR1"
" 2055259","Q54"," ","C","","","","BAR1"
" 2055259","Q55"," ","D","","","","BAR1"
" 2055259","Q59"," ","C","","","","BAR1"
" 2055259","Q60"," ","D","","","","BAR1"
" 2055259","Q65"," ","D","","","","BAR1"
" 2055259","Q66"," ","C","","","","BAR1"
" 2055259","Q67"," ","A","","","","BAR1"
" 2055259","Q72"," ","B","","","","BAR1"
" 2055259","Q73"," ","C","","","","BAR1"
" 2055259","Q75"," ","D","","","","BAR1"
" 2055259","Q77"," ","C","","","","BAR1"
" 2055259","Q79"," ","C","","","","BAR1"
" 2055259","Q80"," ","C","","","","BAR1"
" 2055259","Q82"," ","C","","","","BAR1"
" 2055259","Q84"," ","C","","","","BAR1"
" 2055259","Q85"," ","C","","","","BAR1"
" 2055259","Q87"," ","B","","","","BAR1"
" 2055259","Q88"," ","A","","","","BAR1"
" 2055259","Q90"," ","C","","","","BAR1"
" 2055259","Q91"," ","B","","","","BAR1"
" 2055259","Q93"," ","C","","","","BAR1"
" 2055259","Q94"," ","A","","","","BAR1"
" 2055259","Q95"," ","C","","","","BAR1"
" 2055259","Q96"," ","A","","","","BAR1"
" 2055259","Q97"," ","C","","","","BAR1"
" 2055259","Q100"," ","A","","","","BAR1"
" 2055265","PAPER_CODE","21090","210901","","","","BAR1"
" 2055286","Q18","C","*","","","","BAR1"
" 2055290","Q87"," ","A","","","","BAR1"
" 2055290","Q92"," ","D","","","","BAR1"
" 2055302","Q58"," ","C","","","","BAR1"
" 2055302","Q65"," ","B","","","","BAR1"
" 2055313","Q35"," ","A","","","","BAR1"
" 2055317","SET"," ","A","","","","BAR1"
" 2055317","PAPER_CODE","0","201901","","","","BAR1"
" 2055317","Q1"," ","A","","","","BAR1"
" 2055317","Q9"," ","D","","","","BAR1"
" 2055317","Q10"," ","A","","","","BAR1"
" 2055317","Q11"," ","A","","","","BAR1"
" 2055317","Q12"," ","B","","","","BAR1"
" 2055317","Q13"," ","A","","","","BAR1"
" 2055317","Q14"," ","A","","","","BAR1"
" 2055317","Q21"," ","B","","","","BAR1"
" 2055317","Q22"," ","A","","","","BAR1"
" 2055317","Q24"," ","A","","","","BAR1"
" 2055317","Q42"," ","D","","","","BAR1"
" 2055317","Q44"," ","D","","","","BAR1"
" 2055317","Q47"," ","A","","","","BAR1"
" 2055317","Q53"," ","D","","","","BAR1"
" 2055317","Q54"," ","C","","","","BAR1"
" 2055317","Q55"," ","D","","","","BAR1"
" 2055317","Q64"," ","D","","","","BAR1"
" 2055317","Q70"," ","A","","","","BAR1"
" 2055317","Q95"," ","C","","","","BAR1"
" 2055327","Q64"," ","C","","","","BAR1"
" 2055327","Q66"," ","C","","","","BAR1"
" 2055334","Q46"," ","A","","","","BAR1"
" 2055342","Q53"," ","C","","","","BAR1"
" 2055342","Q76"," ","B","","","","BAR1"
" 2055357","SET"," ","A","","","","BAR1"
" 2055360","PAPER_CODE","0","210901","","","","BAR1"
" 2055360","Q63"," ","B","","","","BAR1"
" 2055361","PAPER_CODE","210 01","210901","","","","BAR1"
" 2055361","Q51"," ","D","","","","BAR1"
" 2055361","Q53"," ","C","","","","BAR1"
" 2055361","Q55"," ","D","","","","BAR1"
" 2055361","Q64"," ","B","","","","BAR1"
" 2055361","Q65"," ","D","","","","BAR1"
" 2055361","Q67"," ","B","","","","BAR1"
" 2055361","Q75"," ","C","","","","BAR1"
" 2055361","Q78"," ","C","","","","BAR1"
" 2055367","Q22"," ","B","","","","BAR1"
" 2055367","Q25"," ","B","","","","BAR1"
" 2055367","Q46"," ","B","","","","BAR1"
" 2055382","Q29","C","*","","","","BAR1"
" 2055382","Q98"," ","B","","","","BAR1"
" 2055383","Q12"," ","C","","","","BAR1"
" 2055383","Q23"," ","D","","","","BAR1"
" 2055383","Q24"," ","C","","","","BAR1"
" 2055383","Q28"," ","A","","","","BAR1"
" 2055383","Q41"," ","D","","","","BAR1"
" 2055383","Q47"," ","A","","","","BAR1"
" 2055383","Q52"," ","C","","","","BAR1"
" 2055383","Q60"," ","B","","","","BAR1"
" 2055383","Q65"," ","C","","","","BAR1"
" 2055383","Q73"," ","A","","","","BAR1"
" 2055383","Q79"," ","C","","","","BAR1"
" 2055383","Q90"," ","C","","","","BAR1"
" 2055383","Q93"," ","C","","","","BAR1"
" 2055385","Q52"," ","A","","","","BAR1"
" 2055390","Q49"," ","D","","","","BAR1"
" 2055391","Q3"," ","A","","","","BAR1"
" 2055391","Q8"," ","C","","","","BAR1"
" 2055391","Q83"," ","C","","","","BAR1"
" 2055391","Q92"," ","A","","","","BAR1"
" 2055399","PAPER_CODE"," 109 1","210901","","","","BAR1"
" 2059210","Q30"," ","A","","","","BAR1"
" 2059210","Q51"," ","B","","","","BAR1"
" 2059210","Q66"," ","C","","","","BAR1"
" 2059210","Q68"," ","A","","","","BAR1"
" 2059210","Q97"," ","C","","","","BAR1"
" 2059210","Q99"," ","D","","","","BAR1"
" 2059219","Q28"," ","C","","","","BAR1"
" 2059219","Q33"," ","C","","","","BAR1"
" 2059219","Q54"," ","A","","","","BAR1"
" 2059227","PAPER_CODE","21 9 1","210901","","","","BAR1"
" 2059227","Q9"," ","D","","","","BAR1"
" 2059227","Q62"," ","C","","","","BAR1"
" 2059227","Q77"," ","C","","","","BAR1"
" 2059233","PAPER_CODE","10901","210901","","","","BAR1"
" 2059233","Q35"," ","B","","","","BAR1"
" 2059233","Q36"," ","B","","","","BAR1"
" 2059233","Q37"," ","B","","","","BAR1"
" 2059233","Q38"," ","A","","","","BAR1"
" 2059233","Q44"," ","D","","","","BAR1"
" 2059233","Q46"," ","A","","","","BAR1"
" 2059233","Q51"," ","C","","","","BAR1"
" 2059233","Q53"," ","A","","","","BAR1"
" 2059233","Q54"," ","D","","","","BAR1"
" 2059233","Q55"," ","A","","","","BAR1"
" 2059233","Q57"," ","C","","","","BAR1"
" 2059233","Q58"," ","C","","","","BAR1"
" 2059233","Q59"," ","C","","","","BAR1"
" 2059233","Q60"," ","C","","","","BAR1"
" 2059233","Q61"," ","C","","","","BAR1"
" 2059233","Q62"," ","B","","","","BAR1"
" 2059233","Q63"," ","C","","","","BAR1"
" 2059233","Q66"," ","D","","","","BAR1"
" 2059233","Q67"," ","C","","","","BAR1"
" 2059233","Q68"," ","D","","","","BAR1"
" 2059233","Q69"," ","B","","","","BAR1"
" 2059233","Q70"," ","B","","","","BAR1"
" 2059233","Q71"," ","C","","","","BAR1"
" 2059233","Q72"," ","D","","","","BAR1"
" 2059233","Q73"," ","C","","","","BAR1"
" 2059233","Q74"," ","D","","","","BAR1"
" 2059233","Q75"," ","C","","","","BAR1"
" 2059233","Q78"," ","A","","","","BAR1"
" 2059233","Q79"," ","C","","","","BAR1"
" 2059233","Q81"," ","C","","","","BAR1"
" 2059233","Q82"," ","D","","","","BAR1"
" 2059233","Q83"," ","A","","","","BAR1"
" 2059233","Q84"," ","A","","","","BAR1"
" 2059233","Q85"," ","B","","","","BAR1"
" 2059233","Q86"," ","C","","","","BAR1"
" 2059233","Q87"," ","D","","","","BAR1"
" 2059233","Q88"," ","B","","","","BAR1"
" 2059233","Q89"," ","A","","","","BAR1"
" 2059233","Q90"," ","B","","","","BAR1"
" 2059233","Q91"," ","C","","","","BAR1"
" 2059233","Q92"," ","C","","","","BAR1"
" 2059233","Q93"," ","B","","","","BAR1"
" 2059233","Q94"," ","C","","","","BAR1"
" 2059237","Q48"," ","A","","","","BAR1"
" 2059240","Q5"," ","B","","","","BAR1"
" 2059240","Q50"," ","B","","","","BAR1"
" 2059247","Q24","A","*","","","","BAR1"
" 2059248","Q70"," ","D","","","","BAR1"
" 2059252","Q17","C","*","","","","BAR1"
" 2059252","Q61"," ","A","","","","BAR1"
" 2059279","Q78"," ","A","","","","BAR1"
" 2059281","Q31"," ","C","","","","BAR1"
" 2059281","Q60"," ","C","","","","BAR1"
" 2059281","Q64"," ","C","","","","BAR1"
" 2059281","Q72"," ","B","","","","BAR1"
" 2059281","Q90"," ","B","","","","BAR1"
" 2059281","Q91"," ","C","","","","BAR1"
" 2059297","PAPER_CODE"," 10 01","210901","","","","BAR1"
" 2059297","Q7"," ","A","","","","BAR1"
" 2059297","Q8"," ","A","","","","BAR1"
" 2059297","Q27"," ","B","","","","BAR1"
" 2059297","Q35"," ","D","","","","BAR1"
" 2059297","Q55"," ","D","","","","BAR1"
" 2059297","Q71"," ","C","","","","BAR1"
" 2059297","Q86"," ","C","","","","BAR1"
" 2059297","Q90"," ","B","","","","BAR1"
" 2059297","Q94"," ","C","","","","BAR1"
" 2059297","Q100"," ","B","","","","BAR1"
" 2059309","Q98","C","*","","","","BAR1"
" 2059315","PAPER_CODE","1","210901","","","","BAR1"